nroDireccion,cutoff,n_meses_pre_cutoff,n_meses_post_cutoff,primer_mes,ultimo_mes_pre,primer_mes_post,total_facturado_pre,total_pagado_pre,total_pendiente_pre,ratio_pago_pre,ratio_pago_post,pct_pendiente_post,cumple_pago_heur,split,emb_0,emb_1,emb_2,emb_3,emb_4,emb_5,emb_6,emb_7,emb_8,emb_9,emb_10,emb_11,emb_12,emb_13,emb_14,emb_15,emb_16,emb_17,emb_18,emb_19,emb_20,emb_21,emb_22,emb_23,emb_24,emb_25,emb_26,emb_27,emb_28,emb_29,emb_30,emb_31
2,2025-01,62,17,2019-11,2024-12,2025-01,9553.68,8754.88,798.8,0.9594092608076338,1.0,0.0,1,train,-0.858367,0.13124436,0.3245676,0.48836476,-0.728604,-0.22409825,1.162827,0.7576876,1.3016781,-1.0584226,0.99002486,-1.1244578,0.3817524,-1.882534,-0.6024108,-0.5341033,-0.8014682,-0.09219433,1.2986313,-0.63021624,0.5898236,1.2655175,0.21709411,1.000669,-1.1873533,-0.026034944,0.57492405,0.85774755,-0.24573487,-1.193022,1.3118199,0.13154967
108,2025-01,20,8,2018-02,2024-09,2025-01,499.0,499.0,0.0,1.0,1.0,0.0,1,train,0.12650584,0.035848726,0.13402897,0.04031486,-0.020350091,0.11519867,0.07618525,-0.024326608,0.18094234,0.14353608,-0.062087834,0.063982464,0.065637216,-0.19396156,-0.050620258,0.064390495,-0.019299228,-0.019494362,0.35658273,-0.2647672,-0.012385284,0.19722359,-0.034529522,0.14861643,-0.06880572,0.1598216,-0.13271014,0.053829998,0.045883514,-0.0695075,0.1310492,0.0023273453
119,2025-01,10,2,2019-08,2023-11,2025-01,976.0,976.0,0.0,1.0,1.0,0.0,1,train,0.38740802,-0.21896172,0.08615942,0.13598394,0.22857624,-0.004807312,-0.21536663,-0.21032435,-0.12426532,0.29285106,-0.5042311,0.35016096,-0.04103922,0.12501936,0.5859544,0.33381754,-0.043387026,-0.008646101,-0.1971214,-0.21515214,-0.2951574,-0.5299442,-0.37099046,-0.1331583,0.42143637,0.3931272,-0.14111097,-0.26748765,0.055395298,0.07313136,-0.22270162,0.2644882
587,2025-01,6,4,2018-06,2024-01,2025-01,268.0,268.0,0.0,1.0,1.0,0.0,1,test,0.51748353,-0.40143806,0.07979017,0.13177598,0.33315894,-0.098574445,-0.2723498,-0.31894115,-0.2014474,0.3711956,-0.5731633,0.43009213,-0.13040444,0.1871335,0.8129138,0.47153953,-0.13721702,0.06518179,-0.37902328,-0.12247327,-0.51006013,-0.7424009,-0.43785483,-0.23744449,0.6397979,0.4762625,-0.18150274,-0.42467105,0.03171438,0.11345806,-0.3194687,0.3026995
615,2025-01,20,2,2019-06,2024-12,2025-03,5165.639999999999,5165.639999999999,0.0,1.0,1.0,0.0,1,train,0.1213723,-0.0005259998,0.12344286,0.05376637,-0.045558404,0.062166408,0.10591013,-0.038493097,0.21545196,0.14758003,-0.082272306,0.03607552,0.06725844,-0.2096513,-0.022792071,0.06792884,-0.054328393,-0.03245472,0.36896092,-0.26389432,0.0031057494,0.17266041,-0.06257187,0.13881299,-0.06773397,0.17012516,-0.12263922,0.0096452385,0.02595181,-0.07869448,0.12827855,0.033046894
620,2025-01,50,2,2018-01,2024-12,2025-01,18909.02,18649.670000000002,259.35,0.9856036997672447,1.0,0.0,1,train,-0.2904892,0.38473064,0.29769287,0.2141695,-0.36914545,0.17286144,0.43465698,0.3529553,0.6176063,-0.2367764,0.25228363,-0.44085473,0.2641729,-0.629462,-0.5215887,-0.25910586,-0.2179058,-0.11137185,0.74320185,-0.3531353,0.4072693,0.71536076,0.03809747,0.44191027,-0.71869427,-0.15545566,0.12976936,0.44925168,0.014341373,-0.43738383,0.6699553,-0.07331183
626,2025-01,14,1,2018-01,2024-01,2025-11,545.0,545.0,0.0,1.0,1.0,0.0,1,train,0.34795672,-0.22700155,0.06543931,0.09199955,0.21054429,-0.0057078116,-0.14117281,-0.22177038,-0.06980456,0.28680214,-0.3712046,0.30882353,-0.04776635,0.03875953,0.46783897,0.2937398,-0.039096337,0.015720148,-0.075870596,-0.220704,-0.29617715,-0.35043442,-0.25838512,-0.08404586,0.3715854,0.37566775,-0.16384383,-0.21851915,0.053343385,0.050786026,-0.16317186,0.18765345
637,2025-01,4,1,2018-02,2021-03,2026-04,141.3,141.3,0.0,1.0,1.0,0.0,1,test,0.56197435,-0.44015256,0.0879165,0.13585995,0.37488145,-0.1354836,-0.28866062,-0.32973817,-0.24449152,0.376536,-0.6099206,0.46531093,-0.164913,0.20675409,0.86828434,0.5064428,-0.15863755,0.08672002,-0.455101,-0.09113553,-0.56850034,-0.8057558,-0.4663936,-0.26297805,0.69041634,0.49833426,-0.1993714,-0.44932225,0.027106404,0.13074896,-0.34339562,0.305039
652,2025-01,38,1,2018-02,2024-07,2025-07,7948.590000000001,7948.590000000001,0.0,1.0,1.0,0.0,1,test,-0.19106703,0.6720105,0.4059378,0.2452806,-0.5146172,0.318971,0.11636032,0.57997316,0.49281394,-0.18053636,-0.15163773,-0.46287107,0.2851713,-0.20160381,-0.56379294,-0.3390072,-0.1240543,-0.19087364,0.38327494,-0.2716142,0.7426103,0.43182045,-0.31224692,0.31075326,-0.8618237,-0.4827285,0.1543131,0.46333274,-0.084036514,-0.28989637,0.52121776,0.11970474
656,2025-01,22,2,2018-12,2024-08,2025-01,5545.47,5545.47,0.0,1.0,1.0,0.0,1,test,0.025654823,0.11998709,0.19973356,0.112701476,-0.0880326,0.17294715,0.058768563,0.09058639,0.24297005,-0.014150803,-0.06988346,-0.039729152,0.1561948,-0.23429698,-0.10102968,0.010962889,-0.07582006,-0.07359272,0.32663408,-0.3149413,0.08987256,0.19748758,-0.11035786,0.18801531,-0.2225732,0.09169372,-0.018630067,0.18397026,0.046093866,-0.14937903,0.14533441,0.07028528
657,2025-01,19,4,2018-06,2024-11,2025-10,2701.0,2701.0,0.0,1.0,1.0,0.0,1,train,0.19009288,-0.04157112,0.10375718,0.03980194,0.04467498,0.08163446,0.017777972,-0.08805331,0.10513978,0.19693863,-0.13673654,0.13788222,0.029972173,-0.13090251,0.077952564,0.12398483,-0.009509772,-0.009771898,0.25665674,-0.25496465,-0.08830779,0.07333526,-0.08158565,0.0871238,0.05778946,0.22056328,-0.15671001,-0.021996507,0.044901505,-0.027122922,0.044809617,0.045847896
693,2025-01,5,1,2020-05,2023-06,2025-02,1687.0,1687.0,0.0,1.0,1.0,0.0,1,train,0.53976697,-0.42923325,0.08303626,0.13135666,0.3438655,-0.121402726,-0.2804099,-0.3265746,-0.21573892,0.377035,-0.594755,0.44254032,-0.14288244,0.19397415,0.84937155,0.49400884,-0.15742174,0.06855844,-0.4093557,-0.104207546,-0.53758454,-0.77391493,-0.45784026,-0.2530374,0.6675356,0.48865592,-0.18628688,-0.4430335,0.023845218,0.119785614,-0.33706838,0.3112434
698,2025-01,9,2,2019-11,2023-11,2025-01,1105.6,1105.6,0.0,1.0,1.0,0.0,1,train,0.4458422,-0.3312814,0.071057424,0.12673195,0.27122617,-0.052213397,-0.24257259,-0.28120846,-0.14253628,0.34635136,-0.51867044,0.3765211,-0.081682585,0.15731418,0.7078433,0.40996382,-0.10272843,0.030097436,-0.26804304,-0.16313401,-0.41241455,-0.6306052,-0.3956409,-0.19272143,0.5447383,0.43376884,-0.15502955,-0.3700071,0.034314655,0.08876168,-0.2798955,0.28683963
699,2025-01,11,1,2018-06,2024-08,2026-03,1044.8,1044.8,0.0,1.0,1.0,0.0,1,train,0.40706593,-0.3075777,0.061029356,0.11747889,0.25416148,-0.05180968,-0.20232834,-0.2620415,-0.11546507,0.31494614,-0.46477062,0.3508436,-0.067435585,0.103308044,0.63593566,0.37083295,-0.09006789,0.021277573,-0.20388259,-0.18929537,-0.37791815,-0.5347468,-0.3504629,-0.15544248,0.4882506,0.42436934,-0.15130386,-0.31528994,0.04493373,0.06695952,-0.24221702,0.2558376
704,2025-01,5,2,2019-05,2024-07,2025-10,130.0,130.0,0.0,1.0,1.0,0.0,1,train,0.5429251,-0.42031288,0.083165176,0.13571069,0.36219364,-0.120070726,-0.2781483,-0.32399112,-0.22965929,0.36806807,-0.5910135,0.45334014,-0.15051171,0.19254735,0.840096,0.48693004,-0.14614892,0.08109486,-0.42428243,-0.10952133,-0.54177594,-0.77156216,-0.44793868,-0.24818605,0.66379,0.4900553,-0.1905761,-0.42799547,0.035347063,0.121553384,-0.32965,0.29838115
714,2025-01,4,7,2021-02,2024-11,2025-02,1001.3,1001.3,0.0,1.0,1.0,0.0,1,train,0.554755,-0.45742887,0.08901587,0.12849008,0.3492081,-0.14347556,-0.28622827,-0.33584803,-0.2195769,0.38645425,-0.6205685,0.4468613,-0.15820819,0.20694612,0.880466,0.51597315,-0.18056089,0.07104018,-0.42975157,-0.085722834,-0.5659488,-0.81486577,-0.4817245,-0.2674178,0.6976928,0.5008447,-0.19367798,-0.47642803,0.009536343,0.12982872,-0.35454103,0.32578498
742,2025-01,15,1,2019-01,2024-10,2026-03,4362.0,4362.0,0.0,1.0,1.0,0.0,1,train,0.30441672,-0.040522825,0.1091009,0.095841356,0.07318796,0.05099549,-0.23220141,-0.08313901,-0.03845887,0.30605412,-0.472476,0.22208828,0.034457095,0.15876228,0.36322692,0.22906946,0.01513733,-0.090053484,-0.04162815,-0.21995479,-0.040901475,-0.34625491,-0.39806724,-0.104524784,0.24007829,0.2186868,-0.14984763,-0.20863219,0.00584838,0.060209177,-0.1432126,0.26058364
758,2025-01,16,1,2018-02,2024-10,2025-10,1527.2,1527.2,0.0,1.0,1.0,0.0,1,train,0.27581125,-0.10965758,0.08640024,0.09166051,0.10476386,0.038973264,-0.10889018,-0.14126849,0.0063724145,0.25576085,-0.36625582,0.2309604,0.013147324,0.03006964,0.3297218,0.22171637,-0.018638588,-0.033454515,0.034753814,-0.24315861,-0.13162962,-0.24569984,-0.26305082,-0.032132864,0.22081932,0.28816515,-0.1391423,-0.16150546,0.034657158,0.03629943,-0.116632454,0.18281816
761,2025-01,7,1,2018-03,2024-05,2025-09,692.6,692.6,0.0,1.0,1.0,0.0,1,train,0.48725396,-0.3300686,0.08833768,0.1461689,0.30724698,-0.06383708,-0.28805953,-0.27342638,-0.20188332,0.3428653,-0.5816367,0.4164129,-0.09358559,0.20011541,0.76867115,0.43261576,-0.104144186,0.033678945,-0.36044914,-0.14692521,-0.42955753,-0.71859455,-0.44614905,-0.21844417,0.57877386,0.4464507,-0.15424794,-0.37762907,0.04505112,0.10148641,-0.3049409,0.30701017
768,2025-01,8,1,2019-04,2024-10,2025-10,1446.5,1446.5,0.0,1.0,1.0,0.0,1,train,0.47291923,-0.29778653,0.094476365,0.14594579,0.2887047,-0.03731205,-0.31232038,-0.26168367,-0.19208589,0.35218263,-0.56914556,0.39953446,-0.072285704,0.21229532,0.73999095,0.42171496,-0.0895343,0.01133376,-0.33720824,-0.146915,-0.3970429,-0.6982377,-0.44384563,-0.21422157,0.5512875,0.42433527,-0.15982452,-0.3756562,0.03951602,0.092812754,-0.28131205,0.3077514
770,2025-01,17,3,2018-01,2023-05,2025-03,3164.0,3164.0,0.0,1.0,1.0,0.0,1,test,0.23897916,-0.14376453,0.071384445,0.05307474,0.077043146,0.00611932,-0.017277997,-0.14593163,0.06931486,0.24532102,-0.22249496,0.1741823,0.0028594881,-0.09010657,0.2421227,0.18733864,-0.043379426,-0.018207278,0.17187218,-0.24730138,-0.15720874,-0.06893712,-0.16436611,0.014538387,0.17735638,0.28435314,-0.16110063,-0.13213086,0.02454402,-0.0007714629,-0.025075486,0.12969194
788,2025-01,3,2,2018-04,2021-05,2025-10,240.0,240.0,0.0,1.0,1.0,0.0,1,train,0.5560128,-0.49922755,0.084948264,0.119964324,0.35487503,-0.18966301,-0.28191727,-0.37780753,-0.20403233,0.42942935,-0.680168,0.46050805,-0.16545638,0.21258152,0.9064969,0.54323804,-0.17795981,0.065968156,-0.40177745,-0.09550988,-0.5807777,-0.8520143,-0.5006491,-0.28897986,0.75192857,0.5418432,-0.23238611,-0.52358294,0.0025995988,0.16208875,-0.36319545,0.34064174
798,2025-01,26,1,2018-01,2023-12,2026-03,3822.85,2582.85,1240.0,0.7643028942763691,1.0,0.0,1,train,-0.84627986,0.34767503,0.4696276,0.9161924,-0.0068925493,0.11840628,0.4503085,0.5512221,0.6527213,-1.4080642,-0.21783225,-0.5657663,0.6417918,-0.93034667,0.022900637,-0.41415486,-0.46311128,-0.14522596,-0.17199682,-0.79367197,0.08905271,-0.46424928,-0.17052306,0.53814244,-0.9309783,0.6350082,0.8744261,0.966534,0.23078206,-1.1996552,0.4919694,0.16190511
805,2025-01,79,15,2018-01,2024-12,2025-01,55478.57000000001,53794.57000000001,1684.0,0.9711603148918193,0.9769696969696969,0.02303030303030303,1,train,-0.4478677,0.78982866,0.45494694,0.40158758,-0.8380066,0.22697589,0.39289546,0.7328532,0.7455797,-0.30405876,-0.08885279,-0.6652226,0.25181904,-0.44322827,-0.652897,-0.49457964,-0.2729048,-0.28636524,0.5698206,-0.26746452,0.92125463,0.59569204,-0.41684645,0.4117555,-1.1710907,-0.69342685,0.3093322,0.4944282,-0.31344467,-0.3894031,0.8055292,0.20850459
863,2025-01,20,4,2018-05,2024-12,2025-01,2905.4,2905.4,0.0,1.0,1.0,0.0,1,test,0.10049854,0.03978331,0.15093483,0.06257544,-0.11218158,0.007486917,0.1070222,0.033454675,0.26039156,0.12733524,-0.12541172,-0.05199233,0.10088096,-0.19423941,-0.057593092,0.018710645,-0.07464288,-0.07610798,0.36126295,-0.25362796,0.12110968,0.15858743,-0.14449024,0.1273081,-0.14208908,0.100921124,-0.111051574,-0.0038941167,-0.002605904,-0.094440356,0.17784332,0.08520899
899,2025-01,11,3,2018-04,2024-10,2025-03,998.0,998.0,0.0,1.0,0.6666666666666666,0.3333333333333333,0,test,0.39584827,-0.24514967,0.07668692,0.12656178,0.23813483,-0.016295996,-0.21715632,-0.22716895,-0.12378525,0.3037842,-0.48344523,0.35045463,-0.049327485,0.12423861,0.59661293,0.34457487,-0.05678662,0.005685482,-0.1992156,-0.20108688,-0.32044712,-0.52366257,-0.3581074,-0.14252448,0.44308016,0.39540884,-0.14490636,-0.28225148,0.051529773,0.07185816,-0.2294421,0.25530782
913,2025-01,19,1,2018-01,2024-12,2025-08,4446.0,3666.0,780.0,0.836660617059891,0.0,1.0,0,test,-0.5829331,0.09788071,0.17528152,1.06895,0.38328853,0.10047001,0.11467774,0.3161719,0.025020689,-1.0384058,-0.7555913,0.03590498,0.47488198,-0.41841775,0.82153046,0.00276573,-0.21283777,-0.19296245,-0.98878896,-0.7318932,-0.32713038,-1.3093137,-0.4450752,0.086326644,-0.20151438,0.92025435,0.82393587,0.49804017,0.11204012,-0.9215136,-0.21139298,0.43882138
925,2025-01,26,5,2018-01,2024-12,2025-02,5934.3,5904.3,30.0,0.9948717948717949,1.0,0.0,1,train,-0.16622864,0.718831,0.43728712,0.27761877,-0.4751892,0.48014742,0.11750685,0.43388388,0.4192702,-0.049488425,-0.14454453,-0.31922904,0.2128734,-0.12627614,-0.5070436,-0.253365,-0.034749784,-0.19065122,0.42466682,-0.24505812,0.6320891,0.43646008,-0.22417286,0.33279037,-0.8619156,-0.41212952,0.124810986,0.43843937,-0.035773814,-0.21722782,0.48769066,0.0031420738
949,2025-01,17,3,2018-03,2024-11,2025-01,5913.99,5913.99,0.0,1.0,1.0,0.0,1,train,0.284245,-0.21836782,0.049648173,0.06470733,0.09807302,-0.026601575,-0.09091435,-0.18716326,0.041979544,0.29343075,-0.29720628,0.20413081,-0.008216903,-0.0065219076,0.3865565,0.2575626,-0.08368759,-0.02388652,0.074614786,-0.2164725,-0.21406995,-0.22632645,-0.25155592,-0.06818631,0.29206228,0.30683142,-0.14714976,-0.24404556,-7.195212e-05,0.019610263,-0.12164653,0.2031098
964,2025-01,3,1,2021-03,2021-09,2026-01,983.0,983.0,0.0,1.0,1.0,0.0,1,test,0.575991,-0.47731367,0.087149985,0.12600914,0.36643168,-0.15686455,-0.31199968,-0.33940074,-0.23701707,0.40338334,-0.6366769,0.4635645,-0.17647794,0.25271463,0.9165257,0.5444916,-0.19341753,0.086211145,-0.47491765,-0.050984852,-0.5988748,-0.8629223,-0.50601107,-0.2958377,0.73898107,0.49613813,-0.19900234,-0.51547563,-0.0067635197,0.14943415,-0.37988412,0.33269325
977,2025-01,11,1,2018-02,2023-09,2025-08,845.0,805.0,40.0,0.8181818181818182,1.0,0.0,1,train,0.3521731,-0.22800642,0.06478902,0.20666997,0.26911288,-0.024071362,-0.23661685,-0.18606475,-0.14095902,0.19527452,-0.5399243,0.35112262,-0.019841537,0.12899289,0.68824196,0.35658485,-0.10174409,0.001280494,-0.31059906,-0.22313815,-0.3311458,-0.6667526,-0.39784282,-0.15021539,0.4294806,0.44348538,-0.048946306,-0.26819158,0.0772602,0.021942593,-0.23640384,0.2928217
1008,2025-01,30,1,2018-01,2024-11,2025-10,2280.0,2009.0,271.0,0.9333333333333333,1.0,0.0,1,train,-0.20086457,0.44794083,0.30181545,0.22751492,-0.2888707,0.294505,0.23949185,0.34382907,0.44321248,-0.20674886,0.033479318,-0.291717,0.24560043,-0.3972194,-0.4065645,-0.19720027,-0.08022809,-0.08563399,0.49752003,-0.34808296,0.3687421,0.45375657,-0.018478408,0.3696092,-0.64268947,-0.1062285,0.12603901,0.45191842,0.059251115,-0.3303093,0.4820681,-0.04649175
1033,2025-01,34,3,2018-06,2024-12,2025-02,2467.8,2467.8,0.0,1.0,1.0,0.0,1,train,-0.05977176,0.2916631,0.24827361,0.100650296,-0.20653963,0.22496842,0.21320353,0.173264,0.36584115,-0.026607297,0.06801109,-0.15357192,0.169777,-0.33316508,-0.33909628,-0.11273506,-0.06183687,-0.063678056,0.53207225,-0.28895628,0.22364005,0.46337694,0.0072837025,0.293718,-0.43592516,-0.032763973,-0.020556573,0.27224565,0.042870987,-0.20200306,0.37223017,-0.06810994
1044,2025-01,36,10,2018-01,2024-09,2025-01,8501.77,8501.77,0.0,1.0,1.0,0.0,1,test,-0.25745338,0.28709337,0.26158014,0.19259621,-0.37444776,0.07252447,0.46199915,0.2980359,0.6382909,-0.2026992,0.25746846,-0.43182302,0.23712045,-0.6297294,-0.47405037,-0.23018585,-0.2529111,-0.1065201,0.7567441,-0.32294813,0.36208493,0.6818805,0.033088967,0.39455765,-0.64615124,-0.12196174,0.10671982,0.34696364,-0.008316849,-0.41015044,0.64387953,-0.056582205
1080,2025-01,6,1,2018-01,2024-09,2025-08,737.0,737.0,0.0,1.0,1.0,0.0,1,train,0.5114258,-0.41252998,0.077146515,0.12537813,0.31143457,-0.095926926,-0.2767846,-0.3247784,-0.17939383,0.38870642,-0.57515424,0.41548273,-0.12455153,0.20061058,0.8253617,0.48271245,-0.15024227,0.057415996,-0.36178097,-0.11380316,-0.50789124,-0.75537133,-0.4505971,-0.24731287,0.6509702,0.47036168,-0.17624865,-0.45633414,0.013959177,0.11696982,-0.3320966,0.32069436
1083,2025-01,8,2,2018-05,2024-03,2025-02,1908.0,1908.0,0.0,1.0,1.0,0.0,1,train,0.46053022,-0.38423595,0.064322,0.11533334,0.26962292,-0.0901562,-0.23942012,-0.3009214,-0.13491875,0.36098415,-0.5262534,0.37757063,-0.09301052,0.14989339,0.7513839,0.4379281,-0.13925672,0.028098267,-0.27215758,-0.14765072,-0.44756833,-0.65011895,-0.4098568,-0.21097866,0.5849924,0.45186797,-0.15905276,-0.40302917,0.01891401,0.0919931,-0.30054888,0.30225828
1086,2025-01,26,3,2018-01,2024-10,2025-01,1211.55,1045.25,166.3,0.8980322003577818,1.0,0.0,1,train,-0.1870024,0.4288895,0.2897835,0.22104645,-0.26375046,0.29061538,0.231703,0.32460693,0.42207384,-0.2047223,0.029202789,-0.26340666,0.24044666,-0.39547595,-0.38437977,-0.17968558,-0.06799941,-0.07778986,0.4806486,-0.35264805,0.34016147,0.4328903,-0.0072437674,0.36484855,-0.6138487,-0.073864415,0.11787481,0.44790888,0.070533,-0.32040113,0.45988387,-0.049981914
1102,2025-01,66,16,2018-01,2024-12,2025-01,59387.33,56270.130000000005,3117.2,0.9707162316926403,0.8428043908119474,0.1571956091880526,0,test,-0.46884704,0.8897969,0.42272612,0.57857996,-0.8995011,0.39438888,0.14547352,1.0319508,0.593499,-0.5655312,-0.6377327,-0.9555437,0.4360773,-0.24716629,-0.6806481,-0.55645233,-0.288113,-0.41972813,0.18830058,-0.3646508,1.1107746,0.16368425,-0.57128847,0.4649792,-1.350899,-0.7345394,0.48890185,0.72310865,-0.29845023,-0.45008937,0.6597651,0.44725108
1103,2025-01,83,16,2018-01,2024-12,2025-01,306584.07,283447.77999999997,23136.289999999997,0.917549279737471,0.9680437968602704,0.03195620313972953,1,test,-0.40168858,-0.56574535,-0.15088421,0.44206375,-0.60251874,-0.7422692,0.6885665,0.4080793,0.9631445,-0.6932324,0.37175477,-1.0099393,0.4370743,-0.8377228,0.117690474,-0.18255167,-0.6621609,0.11255832,0.8544133,0.009355351,0.41181853,0.0945033,-0.08633216,0.081521556,0.18426488,-0.28266308,0.70623535,-0.15569203,-0.24891412,-0.5562894,0.7748987,0.36106035
1115,2025-01,43,15,2018-05,2024-10,2025-01,25448.22,25270.690000000002,177.53,0.9886756434214485,0.9326850607990781,0.06731493920092195,0,train,-0.33931112,0.6942233,0.39615032,0.30426207,-0.7264182,0.20396349,0.20746414,0.69419473,0.7198626,-0.21058027,-0.14184743,-0.6545733,0.3280671,-0.26207587,-0.62857246,-0.4361474,-0.25193834,-0.22540097,0.52260506,-0.27305377,0.91422355,0.54291725,-0.4271013,0.29593584,-0.9923069,-0.6720675,0.2662607,0.4056345,-0.2225693,-0.34218752,0.6781569,0.21382996
1123,2025-01,3,1,2022-01,2022-06,2025-04,575.2,575.2,0.0,1.0,1.0,0.0,1,train,0.58453655,-0.19243151,0.16216007,0.22522564,0.33734682,-0.0031970143,-0.59808093,-0.17374712,-0.37137964,0.3725178,-0.7982107,0.46366727,-0.065592654,0.5108933,0.9029336,0.519434,-0.10850847,-0.03824241,-0.67421144,-0.0076898783,-0.3598119,-1.0777853,-0.66434646,-0.34112218,0.6341288,0.3837053,-0.14007042,-0.48755327,4.4375658e-05,0.11158229,-0.35727438,0.41861254
1129,2025-01,3,2,2019-06,2024-01,2025-03,125.0,125.0,0.0,1.0,0.5,0.5,0,train,0.58387434,-0.4649537,0.08783754,0.13590004,0.3995493,-0.15697905,-0.29714334,-0.33501545,-0.26663846,0.3804838,-0.6250928,0.48479974,-0.1881643,0.22775541,0.898659,0.52759504,-0.17213151,0.10351896,-0.49799478,-0.064066656,-0.6089004,-0.8407059,-0.4814281,-0.2810953,0.72347707,0.5050261,-0.20769228,-0.47262856,0.01841744,0.1451942,-0.3611283,0.30327675
1139,2025-01,45,11,2018-05,2024-08,2025-01,8006.85,7600.85,406.0,0.9626554276933557,0.9151336108500068,0.08486638914999328,0,train,-0.240153,0.8254425,0.4709727,0.3303932,-0.5621097,0.48808116,0.086332105,0.6317098,0.4844602,-0.224639,-0.21061549,-0.4879396,0.3017657,-0.16734946,-0.62409437,-0.37570623,-0.08139515,-0.19923565,0.36908257,-0.29980567,0.8001384,0.43899897,-0.29617304,0.3800002,-1.0015106,-0.5437062,0.21312907,0.5827246,-0.061128274,-0.32419896,0.5502763,0.07641083
1141,2025-01,12,9,2021-10,2024-11,2025-02,7524.0199999999995,7524.0199999999995,0.0,1.0,0.8951690821256039,0.10483091787439613,0,train,0.3103058,-0.29325116,0.045705084,0.15875761,0.078565374,-0.08669712,-0.28969976,-0.21640971,0.0042756572,0.35522997,-0.6591315,0.22473559,0.012105599,0.27328748,0.7787955,0.3957777,-0.1917198,-0.11420264,-0.18118119,-0.15181592,-0.25427192,-0.73405766,-0.6042765,-0.27293897,0.47993842,0.37207046,-0.031030174,-0.5474967,-0.12334116,0.09608009,-0.3201623,0.485546
1172,2025-01,22,5,2018-01,2024-09,2025-02,1034.19,1034.19,0.0,1.0,1.0,0.0,1,train,-0.02444359,0.5657935,0.35794723,0.14538564,-0.34982058,0.3497585,-0.04766641,0.37988642,0.3192467,0.013006588,-0.23364891,-0.22775826,0.22944242,0.016167713,-0.39929807,-0.1948787,0.003024295,-0.15006666,0.29284143,-0.22983748,0.5307474,0.26544276,-0.2842512,0.17987508,-0.58440244,-0.33734515,0.009318528,0.2793922,-0.024657233,-0.11867646,0.32155377,0.065731406
1204,2025-01,3,3,2024-06,2024-11,2025-06,36.5,36.5,0.0,1.0,1.0,0.0,1,train,0.5842168,-0.46248427,0.088257,0.1372736,0.4022497,-0.1557183,-0.29638433,-0.3339537,-0.26984122,0.37817678,-0.62427694,0.48676956,-0.18876019,0.22606052,0.8967197,0.5256613,-0.169504,0.10448727,-0.5004782,-0.06533154,-0.60905457,-0.83910835,-0.47954345,-0.27962568,0.721283,0.5054382,-0.20813452,-0.46852008,0.020749819,0.14468691,-0.3589902,0.30114177
1376,2025-01,19,2,2018-06,2024-10,2025-01,1346.77,1338.8100000000002,7.96,0.99034388185654,1.0,0.0,1,test,0.122651294,0.08408705,0.13664868,0.13787985,-0.020467138,0.11027895,-0.06753006,0.044473335,0.12225659,0.07651504,-0.26987484,0.058689058,0.119110495,-0.062545374,0.11435644,0.099592,-0.019366171,-0.076278105,0.12920311,-0.28319007,0.05717471,-0.084435806,-0.24005891,0.07017161,-0.05150637,0.1615005,-0.040225744,0.022248652,0.037511136,-0.07662467,0.040039286,0.14383787
1401,2025-01,18,2,2018-04,2024-11,2025-04,2747.0,2712.0,35.0,0.9805555555555555,1.0,0.0,1,train,0.1231242,0.39108348,0.24543285,0.25559717,-0.10103697,0.30500644,-0.3745832,0.29458362,-0.00890626,0.052027684,-0.6623832,0.053948328,0.231204,0.2957692,0.16825342,0.09277427,0.09718074,-0.19502336,-0.19928028,-0.27164695,0.3106252,-0.42515948,-0.60669535,-0.060303412,-0.14127932,-0.04306642,0.040356163,0.0659371,-0.016213488,-0.0020876676,-0.06183918,0.3362038
1405,2025-01,11,9,2018-03,2023-12,2025-01,11177.74,11177.74,0.0,1.0,1.0,0.0,1,train,0.2616095,-0.54742163,-0.018586777,0.06328894,-0.041588314,-0.22260182,-0.13805915,-0.35385856,0.2062931,0.4564801,-0.613064,0.12981643,-0.05343067,0.22052701,0.90907943,0.42463008,-0.34125486,-0.10945484,0.022589318,-0.07798527,-0.39722246,-0.7236206,-0.61062217,-0.3806523,0.66709167,0.4607317,-0.043897305,-0.8662015,-0.28754586,0.13182083,-0.305899,0.53801656
1415,2025-01,5,13,2019-07,2023-07,2025-04,949.0,949.0,0.0,1.0,1.0,0.0,1,train,0.5285986,-0.33484918,0.10512779,0.16808435,0.32513547,-0.0786929,-0.34763178,-0.264081,-0.24770308,0.34902492,-0.66242844,0.44206107,-0.107711904,0.27880535,0.84569824,0.4716147,-0.12934077,0.035878513,-0.46280777,-0.10627405,-0.44326764,-0.84522027,-0.5218299,-0.26122013,0.62162113,0.44787365,-0.1410084,-0.42548943,0.030842002,0.118911035,-0.3481187,0.34927985
1458,2025-01,77,17,2018-01,2024-12,2025-01,37034.75,33016.479999999996,4018.27,0.9693939751256997,0.8855910485714726,0.11440895142852735,0,test,-0.43861687,1.0107397,0.48394555,0.4757914,-1.0184056,0.44866282,0.043530073,1.0722436,0.5549614,-0.47144496,-0.77284956,-0.87196815,0.4075724,-0.045773163,-0.71853054,-0.6449805,-0.25929093,-0.47800907,0.07992499,-0.24047503,1.1994532,0.1740247,-0.73537,0.34885404,-1.3990616,-0.91235983,0.38688695,0.6209855,-0.47397017,-0.2269237,0.5449952,0.58478653
2005,2025-01,6,1,2018-01,2024-04,2025-04,658.0,658.0,0.0,1.0,1.0,0.0,1,test,0.51847523,-0.37462488,0.08714143,0.14207493,0.32741764,-0.09072825,-0.30186874,-0.29861268,-0.2138842,0.36557338,-0.5999956,0.43146986,-0.11779947,0.21862917,0.8188975,0.46760583,-0.13132104,0.05298907,-0.4021112,-0.11978348,-0.47826117,-0.7691985,-0.46320343,-0.24547052,0.62963927,0.46250796,-0.16754346,-0.4214998,0.032499705,0.11352668,-0.3271295,0.3160721
2012,2025-01,16,2,2018-01,2024-10,2025-05,3109.4,3109.4,0.0,1.0,1.0,0.0,1,train,0.2818443,-0.22031245,0.050044052,0.07249342,0.12353613,-0.03517322,-0.067779,-0.20134589,0.038512483,0.28195956,-0.31152067,0.2206817,-0.0136638135,-0.029280137,0.37500513,0.25415537,-0.06737458,-0.015616152,0.0754824,-0.23781905,-0.2141939,-0.22783794,-0.22813417,-0.0449031,0.28839138,0.3364335,-0.15647382,-0.21466751,0.021935418,0.023240857,-0.11612492,0.18452117
2027,2025-01,9,1,2018-01,2021-11,2025-10,519.99,519.99,0.0,1.0,1.0,0.0,1,train,0.44697332,-0.26053306,0.09022283,0.13889761,0.27194428,-0.027050339,-0.28690538,-0.23698536,-0.17982596,0.33031368,-0.5471338,0.38521627,-0.064717315,0.19311553,0.68002105,0.38273317,-0.06352899,0.012894195,-0.30295682,-0.1684033,-0.34951502,-0.63811463,-0.4193285,-0.19317693,0.5089679,0.4056737,-0.15052709,-0.32819557,0.04842843,0.08748246,-0.26690823,0.28685933
2038,2025-01,70,7,2018-01,2024-11,2025-01,28556.68,26106.670000000002,2450.01,0.9740366177288858,1.0,0.0,1,test,-0.5178512,0.63740987,0.40423375,0.40074125,-0.6846368,0.19220735,0.5299968,0.67826414,0.8656661,-0.4611296,0.24403028,-0.7992441,0.36741287,-0.7759438,-0.74247,-0.46583417,-0.36054704,-0.1732568,0.81339025,-0.41472548,0.80729944,0.8752911,-0.12460454,0.6022902,-1.1190355,-0.48207256,0.35725617,0.6862247,-0.12603235,-0.6769397,0.927198,0.039828565
2043,2025-01,15,1,2018-01,2024-09,2025-09,919.6300000000001,919.6300000000001,0.0,1.0,1.0,0.0,1,train,0.29236013,-0.07538649,0.10351954,0.094512396,0.11739165,0.06188927,-0.17349897,-0.11721077,-0.025279492,0.26720387,-0.36447757,0.24240558,0.020208016,0.074936725,0.33187592,0.22836436,0.005034156,-0.041497864,-0.0010714456,-0.23434007,-0.12620336,-0.270262,-0.28721565,-0.054764904,0.23137066,0.2657051,-0.15510789,-0.16108379,0.04189688,0.035961546,-0.1018906,0.18831569
2055,2025-01,4,2,2018-01,2022-09,2025-03,1199.0,1199.0,0.0,1.0,1.0,0.0,1,test,0.5386426,-0.4383974,0.088534676,0.12512675,0.30601895,-0.1062516,-0.31809676,-0.3264278,-0.19550684,0.41879076,-0.63029015,0.42626646,-0.13938564,0.2745404,0.9005252,0.5322074,-0.18523651,0.057363886,-0.4194658,-0.06137573,-0.5362838,-0.86345345,-0.52311695,-0.29171425,0.7110683,0.46660563,-0.16927916,-0.5378308,-0.02358507,0.14670157,-0.38231966,0.3721846
2066,2025-01,8,1,2018-01,2022-12,2025-11,2225.0,1866.0,359.0,0.9546258847320526,1.0,0.0,1,train,0.30312896,-0.66162926,-0.057074018,0.3929978,0.41972303,-0.19993787,-0.07495831,-0.36864233,-0.034660555,0.1357312,-0.69283086,0.30918834,0.101858646,0.049377345,0.93675625,0.4657466,-0.28735727,0.030070651,-0.3173069,-0.40144664,-0.65040857,-0.93883544,-0.48890758,-0.14421052,0.628378,0.6367165,0.038810074,-0.3851531,-0.0008248724,-0.089711174,-0.4656223,0.42310402
2108,2025-01,45,6,2018-02,2024-11,2025-01,3190.44,3110.94,79.5,0.9777777777777777,1.0,0.0,1,train,-0.121983916,0.4182081,0.30850255,0.15349649,-0.28796893,0.2867878,0.21840811,0.26483232,0.41403815,-0.07296662,0.046374172,-0.2381117,0.2042805,-0.32328343,-0.41660202,-0.17513625,-0.06703051,-0.0965832,0.5358703,-0.29345077,0.35047835,0.49847144,-0.03217168,0.32698742,-0.58322453,-0.13307138,0.03692042,0.35229158,0.0351444,-0.24703279,0.44388264,-0.06415073
2184,2025-01,18,1,2018-04,2024-08,2025-09,1737.3200000000002,1701.3200000000002,36.0,0.929865616082625,1.0,0.0,1,train,0.1968072,-0.020637188,0.0898081,0.17742994,0.09224485,0.06959145,-0.15653364,-0.036441058,0.009081714,0.11783152,-0.4114083,0.18912365,0.067247346,0.029405503,0.3725001,0.20352931,-0.038074054,-0.059588276,-0.06416674,-0.28257623,-0.08473755,-0.3550543,-0.30212402,-0.032523204,0.14461848,0.2920336,-0.023672014,-0.089615464,0.05410417,-0.03849098,-0.07708393,0.2230899
2202,2025-01,4,2,2018-04,2021-04,2026-01,233.0,233.0,0.0,1.0,1.0,0.0,1,train,0.56459093,-0.39414886,0.100980625,0.15129586,0.3658558,-0.11540885,-0.3403175,-0.2998953,-0.26602888,0.37283432,-0.6479931,0.46457943,-0.14708582,0.263636,0.87500155,0.5021065,-0.14764184,0.07320912,-0.4994301,-0.080866754,-0.5216497,-0.85580695,-0.50374365,-0.27902043,0.6760956,0.4743911,-0.1808667,-0.4513886,0.024603251,0.13067746,-0.3518226,0.3274444
2230,2025-01,14,2,2018-05,2024-09,2025-10,2902.01,2902.01,0.0,1.0,1.0,0.0,1,train,0.31472313,-0.1532858,0.07532874,0.09754116,0.12618157,0.02964545,-0.16478921,-0.1606704,-0.033978462,0.28128055,-0.39874297,0.26378492,0.0010319799,0.0829592,0.43117338,0.2671001,-0.04243224,-0.03049945,-0.043849327,-0.21980552,-0.1866168,-0.33997646,-0.31339282,-0.085988864,0.29653436,0.30013287,-0.12876488,-0.22224884,0.022663612,0.051091425,-0.16965778,0.22935754
2231,2025-01,4,5,2018-05,2024-12,2025-01,337.0,337.0,0.0,1.0,1.0,0.0,1,train,0.5629191,-0.44625822,0.08603546,0.13367942,0.36950725,-0.13584216,-0.29605183,-0.3331781,-0.23821539,0.38535172,-0.614059,0.46192878,-0.16402853,0.21954718,0.87885904,0.5151051,-0.16614527,0.08610961,-0.4547779,-0.0837637,-0.5711816,-0.818529,-0.47459465,-0.2704826,0.6997354,0.49510393,-0.19693333,-0.46699822,0.019399911,0.13410679,-0.35132486,0.31329957
2283,2025-01,4,2,2018-06,2022-01,2025-08,179.2,179.2,0.0,1.0,1.0,0.0,1,train,0.55827385,-0.36855617,0.10567411,0.16489375,0.36264464,-0.10078202,-0.35096923,-0.28251716,-0.27427825,0.35827348,-0.6608761,0.46680757,-0.13621822,0.2811976,0.8732358,0.4963206,-0.1403143,0.065938205,-0.50702345,-0.08549372,-0.4996776,-0.8710535,-0.5184069,-0.27451092,0.6625737,0.46541175,-0.16400845,-0.44330415,0.032369044,0.12868741,-0.3543352,0.33554912
2292,2025-01,4,2,2018-06,2021-11,2026-01,873.25,720.75,152.5,0.9123563218390804,1.0,0.0,1,train,0.42730308,-0.25859773,0.09877895,0.3440149,0.38890558,-0.058613513,-0.45100874,-0.1345362,-0.30507642,0.1319078,-0.8186612,0.39717007,0.009496227,0.37811968,0.9422145,0.4273806,-0.14238337,0.0026454665,-0.707724,-0.16498049,-0.37281072,-1.0983176,-0.69016147,-0.29739907,0.5562493,0.4666624,0.050722715,-0.35160622,0.031238358,0.015752308,-0.4385805,0.46174645
2304,2025-01,6,1,2018-06,2023-08,2025-02,114.4,114.4,0.0,1.0,1.0,0.0,1,train,0.5196682,-0.3890347,0.08253317,0.13761877,0.343309,-0.09897588,-0.27425748,-0.3097244,-0.21594277,0.35797134,-0.57786196,0.4383554,-0.13082287,0.18595771,0.8071463,0.46333873,-0.1290233,0.06767942,-0.39354098,-0.12716313,-0.5029297,-0.74070066,-0.4364524,-0.23334971,0.6305088,0.47654927,-0.17917372,-0.40528065,0.0415915,0.11186024,-0.31537107,0.2957821
2310,2025-01,16,2,2018-07,2024-09,2025-05,2410.8,2410.8,0.0,1.0,1.0,0.0,1,train,0.29482004,0.06563778,0.1469492,0.10030539,0.04703543,0.12027624,-0.314848,-0.00514815,-0.036985092,0.29752472,-0.42214143,0.193607,0.08754876,0.22410601,0.2798038,0.2080627,0.027932592,-0.11565516,-0.038803782,-0.1869975,0.029989038,-0.31624672,-0.41685522,-0.10806074,0.1706777,0.12204004,-0.1556662,-0.18228342,0.0055447463,0.04095336,-0.08743956,0.2450799
2327,2025-01,7,8,2018-07,2024-02,2025-01,2284.16,2284.16,0.0,1.0,0.9375,0.0625,0,test,0.4701019,-0.22806701,0.1154,0.19280313,0.2167423,-0.01035082,-0.44020393,-0.20077604,-0.192034,0.3732635,-0.7148384,0.3655524,-0.029481702,0.3813098,0.81975603,0.44530323,-0.12170707,-0.06330056,-0.41405916,-0.09732373,-0.29937366,-0.8873447,-0.5986559,-0.2845831,0.5441131,0.36861905,-0.09458156,-0.47742775,-0.02585825,0.105781294,-0.33214664,0.4292555
2337,2025-01,6,2,2018-08,2022-09,2025-06,399.0,399.0,0.0,1.0,1.0,0.0,1,train,0.5252157,-0.32925424,0.10596061,0.15958676,0.33028188,-0.05965512,-0.35418922,-0.2765236,-0.24404994,0.36795753,-0.6275647,0.43984675,-0.10172171,0.25811464,0.82158613,0.46617064,-0.110106975,0.02970839,-0.43523723,-0.11441033,-0.4494793,-0.80311257,-0.4909615,-0.2508073,0.6135665,0.4469121,-0.16774952,-0.41697696,0.037690446,0.1096727,-0.31647605,0.32921916
2338,2025-01,32,3,2018-08,2024-11,2025-06,8023.0,8023.0,0.0,1.0,0.8115942028985508,0.18840579710144925,0,train,-0.12254292,0.85745674,0.47324294,0.23004106,-0.5941794,0.4857053,-0.13325197,0.6344352,0.36220175,-0.056559183,-0.5229545,-0.40488443,0.28727853,0.18507248,-0.5569489,-0.36289555,0.00083880126,-0.26670262,0.15380496,-0.21128488,0.8200636,0.21452892,-0.54356474,0.15127501,-0.8965729,-0.66697896,0.089381814,0.35628772,-0.15275528,-0.07695803,0.3485105,0.19928965
2351,2025-01,4,1,2018-08,2023-03,2025-06,735.0,735.0,0.0,1.0,1.0,0.0,1,test,0.560904,-0.4533412,0.08473067,0.13041478,0.35992974,-0.14148122,-0.30037948,-0.33408824,-0.22795129,0.3907057,-0.6189075,0.4555725,-0.16081142,0.22655517,0.88599956,0.52118224,-0.17620283,0.08078495,-0.44777304,-0.07968052,-0.5678006,-0.8245102,-0.4821384,-0.27567554,0.7051987,0.49335364,-0.19289313,-0.47914502,0.011628935,0.13487601,-0.35858697,0.32088464
2417,2025-01,3,1,2018-09,2021-12,2025-08,1918.0,1918.0,0.0,1.0,1.0,0.0,1,train,0.55970556,-0.5125932,0.08035145,0.12326545,0.33732128,-0.18515882,-0.28574803,-0.35643494,-0.1946243,0.41055846,-0.64256644,0.44341254,-0.18103284,0.23406391,0.9362489,0.55639404,-0.23319048,0.074559346,-0.43153277,-0.04123331,-0.6180368,-0.8659147,-0.5119821,-0.30318862,0.74969757,0.5175965,-0.19267075,-0.5570923,-0.034024,0.14514261,-0.3813005,0.34593838
2422,2025-01,3,6,2018-10,2023-09,2025-01,873.0,873.0,0.0,1.0,1.0,0.0,1,train,0.5657345,-0.4985349,0.07788513,0.11457542,0.3530908,-0.16836388,-0.2975317,-0.3672436,-0.2111853,0.43553406,-0.65228313,0.459531,-0.17823061,0.24659432,0.9267647,0.5563871,-0.19493118,0.08288996,-0.43371943,-0.06220042,-0.6026075,-0.8662595,-0.50658596,-0.3043623,0.76373327,0.51493967,-0.21554397,-0.54894507,-0.017177725,0.16181162,-0.38001174,0.3415085
2432,2025-01,8,1,2018-10,2024-11,2025-03,1465.0,1465.0,0.0,1.0,1.0,0.0,1,train,0.45880848,-0.3541743,0.07004596,0.12780172,0.27308792,-0.07142934,-0.25794473,-0.28868175,-0.14395195,0.35902303,-0.54271066,0.3816779,-0.086519815,0.1764397,0.7455621,0.4314379,-0.1220029,0.028832596,-0.2881097,-0.15116033,-0.42702276,-0.6716654,-0.42027944,-0.21272498,0.5741899,0.44048372,-0.15372749,-0.40024257,0.024230316,0.096147515,-0.299359,0.30515975
2441,2025-01,5,1,2018-10,2022-01,2025-08,627.99,627.99,0.0,1.0,1.0,0.0,1,train,0.5383815,-0.42883,0.08129294,0.13051382,0.34088504,-0.12016477,-0.28812864,-0.3271938,-0.20978096,0.38388717,-0.5992372,0.43939877,-0.14296776,0.21097185,0.85420156,0.49832374,-0.1601055,0.07195328,-0.41167554,-0.1006552,-0.53478694,-0.78962237,-0.46478707,-0.25973618,0.67489994,0.48330408,-0.18345389,-0.45834464,0.018821232,0.12491629,-0.3439208,0.3178041
2469,2025-01,6,1,2018-10,2021-02,2025-01,282.4,282.4,0.0,1.0,1.0,0.0,1,test,0.517886,-0.39838699,0.08012469,0.13247028,0.34182292,-0.10339634,-0.2628442,-0.31588155,-0.20896494,0.3604953,-0.5675505,0.4359046,-0.13310811,0.17107294,0.8017143,0.4626691,-0.1303558,0.067136124,-0.37878224,-0.1302877,-0.50968146,-0.7241688,-0.42700148,-0.22889379,0.63133115,0.48086876,-0.1848254,-0.40255174,0.041051272,0.110635035,-0.3113595,0.2907598
2484,2025-01,13,2,2018-11,2024-08,2025-04,1236.1399999999999,1236.1399999999999,0.0,1.0,1.0,0.0,1,train,0.33748126,-0.23938257,0.06441975,0.10193979,0.19355068,-0.036769126,-0.12492552,-0.23061019,-0.045789994,0.2904401,-0.41482317,0.29576316,-0.034185685,0.024179587,0.4865187,0.29525864,-0.04597783,-0.009941034,-0.05544507,-0.23844892,-0.2680991,-0.37541747,-0.28615505,-0.081228204,0.36850566,0.39699784,-0.16575135,-0.23576297,0.048387907,0.051635347,-0.16273865,0.21740682
2491,2025-01,5,1,2018-11,2024-10,2025-04,1805.0,1805.0,0.0,1.0,1.0,0.0,1,train,0.52788645,-0.45285395,0.07532215,0.121183276,0.308768,-0.13471867,-0.29840454,-0.3317894,-0.17403615,0.4019557,-0.6090207,0.41788754,-0.13325277,0.22860663,0.87525356,0.51661325,-0.19154575,0.052412797,-0.3841511,-0.088362046,-0.52883744,-0.8036592,-0.48426843,-0.27525628,0.69007766,0.47877315,-0.17136887,-0.49944374,-0.00827386,0.1261186,-0.36154744,0.3424511
2497,2025-01,29,8,2018-11,2024-10,2025-01,4570.5,4570.5,0.0,1.0,1.0,0.0,1,train,-0.08523463,0.22980365,0.2221542,0.098488584,-0.2399602,0.12974459,0.25911602,0.19761752,0.44526365,-0.03784284,0.121657446,-0.22985178,0.18225373,-0.40183708,-0.34493756,-0.12184195,-0.12990859,-0.074255064,0.5989396,-0.29115164,0.24329045,0.49999207,0.005095303,0.289462,-0.43494084,-0.05185011,-0.013421008,0.23541546,0.018768728,-0.24693358,0.43433112,-0.043700434
2550,2025-01,15,4,2019-01,2023-12,2025-03,2958.6,2958.6,0.0,1.0,0.75,0.25,0,test,0.28337175,0.019458275,0.13373424,0.1206691,0.006466929,0.12096025,-0.31666097,-0.025011137,0.015993714,0.32758474,-0.44381893,0.1606155,0.096898146,0.25853977,0.3353605,0.23717093,-0.012164224,-0.12811136,-0.031660344,-0.17893791,0.01383682,-0.37248504,-0.4509408,-0.13505909,0.19210733,0.11859058,-0.120863006,-0.26251197,-0.03507524,0.042134933,-0.12718771,0.29399908
2584,2025-01,3,1,2019-01,2024-06,2025-03,357.0,357.0,0.0,1.0,1.0,0.0,1,train,0.58556384,-0.31487277,0.13625595,0.19175085,0.35983613,-0.06441733,-0.47095662,-0.25004637,-0.3263361,0.38720453,-0.736101,0.4758336,-0.12116877,0.39676368,0.91324246,0.5266274,-0.13385783,0.025865074,-0.6000639,-0.03471423,-0.46928933,-0.9912322,-0.59456867,-0.3168488,0.67420185,0.43412128,-0.1642258,-0.4897011,0.008838277,0.13293368,-0.36445373,0.38337252
2614,2025-01,10,2,2019-02,2023-10,2025-02,2428.0,2428.0,0.0,1.0,1.0,0.0,1,train,0.42341644,-0.30998614,0.06598826,0.118171416,0.26522085,-0.046702582,-0.20909122,-0.27009693,-0.13057408,0.32619104,-0.47711873,0.36558887,-0.07679609,0.11493954,0.6456841,0.37703228,-0.08278184,0.029893022,-0.22135794,-0.18308514,-0.38949922,-0.5500684,-0.35217983,-0.16186434,0.50245064,0.42672783,-0.16056219,-0.32083744,0.04569128,0.07812712,-0.24734296,0.25453025
2621,2025-01,4,2,2019-02,2024-07,2025-05,99.0,99.0,0.0,1.0,1.0,0.0,1,test,0.56472147,-0.43905985,0.08704313,0.13763428,0.3796427,-0.1359538,-0.29199424,-0.32869774,-0.24929672,0.37491924,-0.6120773,0.46879435,-0.1669428,0.21262063,0.8716439,0.5077345,-0.15866767,0.09116508,-0.46438146,-0.08845215,-0.57065266,-0.8116807,-0.46788108,-0.26542565,0.6922395,0.4971744,-0.19769782,-0.45015562,0.028011557,0.1323357,-0.34545454,0.30426258
2652,2025-01,4,1,2019-03,2021-08,2025-09,184.0,184.0,0.0,1.0,1.0,0.0,1,train,0.5613531,-0.44327444,0.08913577,0.13500142,0.3716979,-0.13613543,-0.28964093,-0.3324651,-0.24051768,0.38034773,-0.6124906,0.46306556,-0.16420776,0.20598923,0.87119985,0.5089181,-0.1611663,0.08284639,-0.45016563,-0.09085001,-0.5696887,-0.8086064,-0.46864164,-0.2636022,0.6926037,0.50071514,-0.20136611,-0.45521274,0.024478324,0.13052103,-0.3434184,0.30841768
2666,2025-01,3,2,2019-03,2024-12,2025-05,245.0,245.0,0.0,1.0,1.0,0.0,1,test,0.58215845,-0.4689199,0.08706887,0.13275895,0.3927836,-0.15600154,-0.2970136,-0.3377756,-0.25961223,0.38604528,-0.62471986,0.4800806,-0.18656832,0.23025821,0.9014839,0.53094214,-0.17601046,0.10149607,-0.49107188,-0.061707325,-0.6092882,-0.84322405,-0.48464686,-0.28329173,0.7275602,0.50373054,-0.20711987,-0.48205963,0.0133749265,0.14653793,-0.36473396,0.30871746
2673,2025-01,3,1,2019-03,2024-09,2025-04,666.0,666.0,0.0,1.0,1.0,0.0,1,train,0.57319057,-0.35505047,0.12114473,0.17418489,0.34850562,-0.08151683,-0.42125833,-0.2698717,-0.2927956,0.39020628,-0.70685923,0.46399137,-0.13070762,0.36386508,0.9109136,0.5300247,-0.15289918,0.038610082,-0.5512938,-0.04032208,-0.49586993,-0.9573362,-0.57826036,-0.30809775,0.69002616,0.44285613,-0.16281222,-0.5046046,0.0010087434,0.13811603,-0.37444174,0.38141498
2686,2025-01,15,2,2019-04,2024-12,2025-01,2452.9,2452.9,0.0,1.0,1.0,0.0,1,train,0.30937275,-0.1533868,0.077987336,0.08801259,0.16290027,0.03314732,-0.12836227,-0.17342544,-0.039631464,0.26501936,-0.343809,0.27481723,-0.017127179,0.029141868,0.37741283,0.25003892,-0.015366342,-0.003464952,-0.01361209,-0.23441097,-0.21614319,-0.2720023,-0.24143249,-0.050286725,0.28749093,0.32571292,-0.15516418,-0.16989279,0.05174405,0.03968694,-0.12701796,0.16900226
2694,2025-01,17,1,2019-04,2024-11,2025-02,6745.4,6745.4,0.0,1.0,1.0,0.0,1,train,0.24292767,0.0927081,0.15342543,0.08390623,-0.0029624114,0.14841205,-0.17300603,-0.0029537976,0.012905475,0.24723168,-0.39556557,0.1698178,0.06584339,0.116612,0.17880118,0.13965455,0.049165204,-0.08690061,0.05961513,-0.23934971,0.0617354,-0.16605826,-0.3267136,-0.0148459375,0.05968579,0.12549406,-0.1344946,-0.08403964,0.013627384,0.045641042,-0.0628378,0.18323243
2741,2025-01,8,2,2019-07,2024-10,2025-08,613.0,613.0,0.0,1.0,1.0,0.0,1,train,0.46354544,-0.38664198,0.062494062,0.12027648,0.29107592,-0.100121304,-0.22782803,-0.32402992,-0.1387955,0.3702854,-0.5461982,0.39344412,-0.10203985,0.14050166,0.74925315,0.43546847,-0.11906329,0.039146733,-0.26564592,-0.16558331,-0.45183408,-0.6547375,-0.39960307,-0.20595127,0.5938914,0.4762128,-0.17974377,-0.39942366,0.033762366,0.102772705,-0.28824127,0.2906173
2767,2025-01,4,1,2019-05,2023-07,2026-05,175.0,175.0,0.0,1.0,0.0,1.0,0,train,0.5483424,-0.29902938,0.12024724,0.18538265,0.34509373,-0.064455196,-0.3956436,-0.23793626,-0.29218554,0.34069178,-0.69421756,0.46020818,-0.1093412,0.33828014,0.8559717,0.479067,-0.1190859,0.044026908,-0.5346997,-0.08377123,-0.4293558,-0.9051693,-0.555595,-0.27725622,0.6273876,0.42920774,-0.13533817,-0.4258144,0.036161423,0.12621543,-0.35823473,0.35569978
2778,2025-01,11,1,2019-06,2024-10,2025-05,655.0,655.0,0.0,1.0,1.0,0.0,1,train,0.408836,-0.18128538,0.09821225,0.14661239,0.23746365,0.02064474,-0.28508732,-0.18844351,-0.16493139,0.3000803,-0.54022187,0.36316428,-0.03207106,0.19841315,0.60707676,0.3386751,-0.030281477,-0.008289494,-0.26483172,-0.18979539,-0.2674851,-0.5865112,-0.4106788,-0.16276976,0.42967862,0.36227483,-0.12747061,-0.27504677,0.056029864,0.0792237,-0.24549602,0.27593672
2789,2025-01,6,2,2019-06,2024-06,2025-07,1105.5,1075.5,30.0,0.8333333333333334,0.5,0.5,0,train,0.43846834,-0.20272782,0.11239501,0.3072183,0.34530944,-0.024426289,-0.4447909,-0.14640605,-0.2912639,0.18846634,-0.76290554,0.42238778,-0.01153677,0.34076127,0.9208801,0.43153897,-0.117736414,-0.01933682,-0.6217805,-0.14751516,-0.36350518,-1.0355464,-0.6065735,-0.26492876,0.5265364,0.47636533,-0.00011206325,-0.37794125,0.052613556,0.035455488,-0.32932448,0.4088474
2804,2025-01,3,1,2019-06,2023-10,2025-12,397.0,397.0,0.0,1.0,1.0,0.0,1,test,0.5809086,-0.47065789,0.08732554,0.13165848,0.38571516,-0.15598352,-0.30482933,-0.33852997,-0.25334534,0.39298096,-0.63002014,0.47571555,-0.18337446,0.2397245,0.90724003,0.5360255,-0.18066993,0.096566945,-0.48767003,-0.057936624,-0.6059238,-0.85209274,-0.491935,-0.2882103,0.7319757,0.50120807,-0.20553201,-0.49360976,0.0072146636,0.14762205,-0.36870587,0.31591195
2809,2025-01,5,1,2019-07,2024-11,2025-01,2735.55,2735.55,0.0,1.0,1.0,0.0,1,train,0.49025136,-0.45945075,0.069629535,0.1148757,0.24022365,-0.11884676,-0.3082593,-0.32890806,-0.11013352,0.43494958,-0.62151283,0.3793594,-0.11256551,0.2789179,0.89863133,0.5355092,-0.22248323,0.020892102,-0.32972047,-0.06874427,-0.5018294,-0.84209245,-0.5267395,-0.2987606,0.7003799,0.4530831,-0.13931176,-0.5832032,-0.06219908,0.14199579,-0.39066866,0.40091628
2813,2025-01,7,1,2020-09,2024-02,2025-07,2918.0,2918.0,0.0,1.0,1.0,0.0,1,train,0.47205448,-0.42890775,0.06266277,0.10682582,0.24910957,-0.09086181,-0.26111624,-0.3300723,-0.10740975,0.41124082,-0.5501383,0.36889595,-0.09986181,0.19780296,0.81542575,0.48423797,-0.17274529,0.02845734,-0.27817073,-0.114371106,-0.4819882,-0.72320414,-0.45153028,-0.24912977,0.641552,0.4523741,-0.15834202,-0.4974274,-0.02226837,0.11343069,-0.34145916,0.34539127
2819,2025-01,3,1,2019-07,2020-08,2025-07,272.0,272.0,0.0,1.0,1.0,0.0,1,train,0.5834569,-0.41796917,0.10287683,0.1519772,0.3822544,-0.13568589,-0.35423005,-0.30466434,-0.28261897,0.3803748,-0.6668305,0.47805026,-0.16534412,0.28736526,0.90486515,0.5252439,-0.16395459,0.081762046,-0.5363524,-0.054310665,-0.55565274,-0.8948391,-0.52203786,-0.29758227,0.70836383,0.48070258,-0.18865278,-0.4784993,0.012842931,0.14173964,-0.36814272,0.33201894
2871,2025-01,26,15,2019-09,2024-11,2025-01,7664.360000000001,7329.360000000001,335.0,0.9807692307692307,0.870873435251431,0.12912656474856898,0,test,-0.21029516,0.8979253,0.47883335,0.28714126,-0.77422017,0.40998146,-0.037468813,0.78401726,0.4858788,-0.12603606,-0.5735568,-0.58933085,0.3066067,0.082888424,-0.62386215,-0.47921702,-0.093518294,-0.33953393,0.17867623,-0.21539764,1.0132644,0.24312004,-0.64235413,0.21132705,-1.0863464,-0.8083782,0.17141755,0.37898627,-0.27881235,-0.13015857,0.47190002,0.30904594
2872,2025-01,4,1,2019-09,2023-09,2026-03,539.0,539.0,0.0,1.0,1.0,0.0,1,train,0.5593037,-0.42227727,0.09269372,0.14265566,0.36103046,-0.12179214,-0.31412688,-0.31679562,-0.24575192,0.37867486,-0.6296399,0.45983905,-0.15182438,0.24135028,0.8796253,0.51117295,-0.16078532,0.07627213,-0.46695584,-0.08304991,-0.54663783,-0.83831304,-0.4923668,-0.27251154,0.68872887,0.48415762,-0.18365712,-0.46532407,0.020476218,0.13238376,-0.3552044,0.32645
2894,2025-01,40,13,2019-09,2024-11,2025-01,6098.07,6098.07,0.0,1.0,0.9230769230769231,0.07692307692307693,0,train,-0.16097373,0.5516174,0.3674807,0.19912693,-0.37959826,0.3439403,0.1730405,0.38604754,0.45207107,-0.10725471,-0.014828503,-0.3353995,0.24062279,-0.2712588,-0.50183964,-0.24915893,-0.07773457,-0.13490763,0.50689185,-0.28506786,0.50297844,0.5054892,-0.115227334,0.34106606,-0.72371364,-0.28910434,0.08237054,0.4149152,0.0011308454,-0.276919,0.5061307,-0.032705925
2895,2025-01,7,1,2019-09,2024-03,2026-01,282.4,282.4,0.0,1.0,1.0,0.0,1,train,0.49834967,-0.37648305,0.07703809,0.1316028,0.33035392,-0.08959895,-0.25290695,-0.30567527,-0.19731945,0.34936598,-0.549216,0.42442733,-0.12077864,0.15960167,0.76920474,0.44196108,-0.11738082,0.06099831,-0.35116696,-0.14384763,-0.48339495,-0.68865395,-0.40946043,-0.21388176,0.60273635,0.4705181,-0.17775774,-0.3801578,0.04671599,0.10305541,-0.29713365,0.2815455
2920,2025-01,6,2,2019-10,2023-09,2025-07,252.0,252.0,0.0,1.0,1.0,0.0,1,train,0.5217315,-0.3597966,0.09283139,0.14638151,0.33330628,-0.08430584,-0.31236583,-0.29122055,-0.22751859,0.36139205,-0.60540587,0.43598923,-0.11690361,0.22439797,0.81414306,0.46203458,-0.121548936,0.0529521,-0.41813818,-0.12000915,-0.47051376,-0.7742136,-0.46509492,-0.2456977,0.62256676,0.45991236,-0.16949463,-0.41103444,0.037268545,0.11202785,-0.32131743,0.31395274
2964,2025-01,6,4,2020-03,2024-12,2025-01,125.0,125.0,0.0,1.0,1.0,0.0,1,test,0.5208568,-0.39502063,0.08102066,0.13556665,0.3466959,-0.1032424,-0.26841736,-0.31320977,-0.21566421,0.35748357,-0.57305413,0.43980965,-0.13412455,0.17831773,0.8057902,0.46357083,-0.13033791,0.07018167,-0.3908953,-0.12795636,-0.50937384,-0.7334452,-0.43075466,-0.23137301,0.6320886,0.47990584,-0.18245366,-0.40255705,0.04274039,0.11164246,-0.31357953,0.29128376
3000,2025-01,7,2,2019-12,2024-07,2025-11,1163.4,1163.4,0.0,1.0,1.0,0.0,1,train,0.4953701,-0.38691688,0.07627379,0.12853974,0.31437492,-0.092816964,-0.25253126,-0.3103937,-0.1827434,0.35916442,-0.5533004,0.4139962,-0.1158924,0.15943816,0.779937,0.44887704,-0.12770802,0.05079871,-0.33617574,-0.14014421,-0.4832229,-0.6936117,-0.4188857,-0.21860442,0.60826397,0.47183892,-0.17524374,-0.3976567,0.03583813,0.10187242,-0.30327442,0.2940668
3021,2025-01,8,1,2020-01,2024-02,2025-08,1834.0,1834.0,0.0,1.0,1.0,0.0,1,train,0.46696013,-0.29185367,0.08770789,0.14876123,0.2871506,-0.039630484,-0.28949577,-0.25012857,-0.1928437,0.32997143,-0.57261246,0.40112734,-0.07377029,0.20502841,0.7318901,0.40928417,-0.08737323,0.020420913,-0.3375252,-0.15632781,-0.384717,-0.68864644,-0.44112575,-0.20503336,0.5406869,0.42175943,-0.13977323,-0.35337478,0.046989076,0.094407566,-0.295385,0.303632
3022,2025-01,14,1,2020-01,2024-05,2026-01,3017.0,3017.0,0.0,1.0,1.0,0.0,1,train,0.3146202,-0.21790361,0.064445645,0.07705316,0.1662786,-0.014943194,-0.09260644,-0.21158597,-0.016113795,0.28663266,-0.3284566,0.26471984,-0.03451743,-0.016054675,0.40219137,0.26646924,-0.034595236,-0.0056888163,0.018330751,-0.24104117,-0.25706422,-0.2624215,-0.23155077,-0.051178902,0.3231189,0.3644022,-0.17870402,-0.20007668,0.0432302,0.03420367,-0.118523546,0.17644641
3034,2025-01,56,17,2020-01,2024-12,2025-01,23339.049999999996,22878.05,461.0,0.9894461265262208,1.0,0.0,1,train,-0.85981685,0.0914408,0.18786061,0.54681623,-0.82907695,-0.45044106,1.2013112,0.7104314,1.3858298,-0.85875046,0.88536483,-1.1777109,0.3777225,-1.748771,-0.5643109,-0.4868712,-0.8322728,-0.12203282,1.3566511,-0.5749584,0.6336102,1.2087243,0.10151486,0.85260624,-1.1006305,-0.2354407,0.5866379,0.6699554,-0.31411105,-1.0472884,1.3871132,0.1860706
3036,2025-01,14,3,2020-01,2024-12,2025-01,2379.05,2379.05,0.0,1.0,1.0,0.0,1,test,0.34895492,-0.2447057,0.0589251,0.08871792,0.196673,-0.01588773,-0.14168239,-0.22725457,-0.058023706,0.2966893,-0.36942112,0.29757163,-0.04352165,0.0395426,0.48293433,0.3015306,-0.055114232,0.009597573,-0.06725071,-0.21303979,-0.29774466,-0.35432154,-0.26897046,-0.09291693,0.3805304,0.37170568,-0.16044061,-0.24042234,0.040872034,0.04882177,-0.17251158,0.20104554
3037,2025-01,11,2,2020-01,2024-11,2025-01,497.5,430.5,67.0,0.9601901366607248,1.0,0.0,1,test,0.39829606,-0.16949815,0.10262126,0.20842549,0.2718298,0.015276473,-0.33695668,-0.16345844,-0.19465828,0.24615394,-0.59389454,0.3703714,-0.006322935,0.2216062,0.691265,0.36491185,-0.056293704,-0.02858286,-0.35632607,-0.19344047,-0.28699532,-0.7144447,-0.46709222,-0.18040672,0.43779457,0.39843303,-0.085073076,-0.29080787,0.06971702,0.047671817,-0.24242832,0.3151248
3045,2025-01,19,5,2020-01,2024-12,2025-01,4273.0,4018.0,255.0,0.9778164419312745,1.0,0.0,1,train,0.1997242,0.033544842,0.11597592,0.11530749,0.026677638,0.11982019,-0.10705279,-0.02356428,0.046308357,0.1669371,-0.33969104,0.15441884,0.06758085,0.014482388,0.21015966,0.15413554,0.0025982186,-0.062489092,0.06958433,-0.27201274,-0.008655843,-0.16527651,-0.2655699,0.021701861,0.062947825,0.20189771,-0.084925905,-0.054814808,0.03658118,-0.011053301,-0.046070397,0.16606885
3062,2025-01,54,10,2020-02,2024-12,2025-01,112217.28000000001,108814.78000000001,3402.5,0.9759362019091067,0.9602765628932314,0.03972343710676851,1,train,-0.77501285,0.3427952,0.26729918,0.40116692,-0.8007601,-0.20890312,0.9221356,0.7121732,1.2297888,-0.736955,0.68661433,-1.0734814,0.4195841,-1.3617446,-0.7011782,-0.50538987,-0.6840423,-0.13712002,1.2220391,-0.5157692,0.6994107,1.1959128,0.004362732,0.71203816,-1.0607893,-0.37678558,0.4552651,0.6406902,-0.29439914,-0.91351193,1.2292792,0.12572038
3069,2025-01,6,1,2020-02,2024-08,2026-01,1073.25,1003.25,70.0,0.8333333333333334,0.8695652173913043,0.13043478260869565,0,train,0.14462729,-0.19488347,0.1500289,0.64285743,0.44276717,-0.037649978,-0.18725824,-0.19594735,-0.20843682,-0.055369563,-0.78359395,0.5943291,0.084061004,0.23965205,0.992707,0.28104568,-0.09637979,-0.033397816,-0.9064499,-0.35847038,-0.59647965,-1.2290021,-0.65783167,-0.21897629,0.31534567,0.6140182,0.17485408,-0.32990363,-0.120458215,-0.16228901,-0.52172446,0.4290694
3075,2025-01,4,2,2020-02,2024-11,2025-09,210.0,210.0,0.0,1.0,1.0,0.0,1,train,0.5621718,-0.4383194,0.08929062,0.1368936,0.37355626,-0.13261434,-0.29259282,-0.32919875,-0.24516696,0.37815723,-0.6121572,0.46523133,-0.16320583,0.20998842,0.8701838,0.5078122,-0.15838905,0.083938435,-0.4557178,-0.09013604,-0.56747967,-0.8093911,-0.46936625,-0.26369607,0.69042337,0.49731687,-0.19913709,-0.45175815,0.026503667,0.13051301,-0.34346938,0.3077352
3080,2025-01,18,2,2020-02,2024-12,2025-03,3548.05,3548.05,0.0,1.0,1.0,0.0,1,test,0.22663102,-0.22822785,0.04107997,0.060696013,0.0579549,-0.08175592,0.022354733,-0.18298507,0.13564417,0.26300403,-0.24270736,0.13685879,0.005554311,-0.11023733,0.29161268,0.20888457,-0.10420018,-0.031273723,0.19965054,-0.2438164,-0.15688805,-0.11459811,-0.19159962,-0.005314078,0.21146035,0.30846256,-0.14819106,-0.21081759,-0.004830054,-0.010285668,-0.05196116,0.16900846
3086,2025-01,11,2,2020-02,2023-07,2025-02,3593.0,3593.0,0.0,1.0,1.0,0.0,1,train,0.40442055,0.23375535,0.20298499,0.1814059,0.033698626,0.26624084,-0.6283223,0.073276505,-0.22316033,0.3440665,-0.8266804,0.24765015,0.14503294,0.61029994,0.49235925,0.27402666,0.07561588,-0.20851487,-0.3949323,-0.111102596,0.15492707,-0.7589187,-0.7534681,-0.26221803,0.23348433,0.039994642,-0.08456468,-0.2854051,-0.054549444,0.13544813,-0.27985752,0.43428892
3099,2025-01,12,3,2020-03,2024-12,2025-05,4199.16,4199.16,0.0,1.0,1.0,0.0,1,test,0.38696116,-0.089124314,0.11173847,0.1486912,0.17370752,0.06552847,-0.33717495,-0.12278091,-0.15439603,0.3054333,-0.57216406,0.32402414,0.008009322,0.2631008,0.55239284,0.30865517,-0.0059766844,-0.05327113,-0.25199887,-0.18432419,-0.15169105,-0.57947123,-0.46243268,-0.1719529,0.36705726,0.28044835,-0.11017145,-0.26241744,0.032744758,0.08011397,-0.2435713,0.30470693
3117,2025-01,7,1,2020-04,2023-11,2025-12,511.5,511.5,0.0,1.0,1.0,0.0,1,train,0.49074197,-0.2955505,0.09853413,0.15538198,0.3073064,-0.049143877,-0.3219131,-0.25247255,-0.22146559,0.33863652,-0.6025739,0.41883546,-0.08449177,0.23266293,0.7653241,0.42552397,-0.091378406,0.028202903,-0.39282826,-0.1408873,-0.39914864,-0.74390054,-0.4649697,-0.22737813,0.56623906,0.42980522,-0.14829397,-0.37080288,0.046717025,0.10116514,-0.30391252,0.31413752
3132,2025-01,35,11,2020-04,2024-12,2025-02,35243.55,33928.55,1315.0,0.9934305995507222,0.9142283298097251,0.08577167019027485,0,train,-0.33553153,0.64050555,0.38722953,0.3132351,-0.7236451,0.15366304,0.24432752,0.66166914,0.7367783,-0.21412285,-0.11542706,-0.65274,0.3077908,-0.2850538,-0.61723745,-0.4244029,-0.27105176,-0.22687942,0.54245996,-0.2608467,0.8722612,0.54580027,-0.39793408,0.29103035,-0.97124016,-0.6376728,0.2759584,0.36915526,-0.22457273,-0.35780618,0.7069369,0.18539196
3186,2025-01,4,1,2020-06,2024-09,2025-08,1746.0,1746.0,0.0,1.0,1.0,0.0,1,train,0.5508147,-0.43535718,0.09261586,0.13506636,0.32343656,-0.1331337,-0.3470266,-0.3344662,-0.21319577,0.42619926,-0.6818484,0.44363508,-0.13420433,0.27678818,0.9109831,0.5337721,-0.17077179,0.038014796,-0.43481848,-0.07902922,-0.5207427,-0.8794428,-0.533962,-0.30138692,0.7134122,0.48956388,-0.19206369,-0.5253187,-0.010466803,0.14587808,-0.3694444,0.36941516
3227,2025-01,28,5,2020-07,2024-10,2025-03,5521.650000000001,5314.650000000001,207.0,0.9600272079210658,1.0,0.0,1,test,-0.3251595,0.3292904,0.28028002,0.25394475,-0.3591682,0.1417325,0.45155823,0.3915371,0.63680637,-0.32771727,0.2447386,-0.47085267,0.28033534,-0.71097374,-0.46539637,-0.23959072,-0.23795834,-0.09461452,0.71158326,-0.40187782,0.36964262,0.6449431,0.039040014,0.47281763,-0.70915043,-0.09629132,0.17657481,0.4972113,0.009883417,-0.4869514,0.6640815,-0.021256514
3228,2025-01,22,13,2020-07,2024-12,2025-01,16860.68,16698.79,161.89,0.9965298042662557,0.8276564487767041,0.17234355122329598,0,train,-0.10606143,0.13636023,0.26042244,0.15297203,-0.43477595,0.018827451,0.08507506,0.25123715,0.48761514,-0.073394574,-0.17219622,-0.41985226,0.2379103,-0.19887756,-0.26601544,-0.1707229,-0.26577052,-0.2063403,0.43733627,-0.24047035,0.3745575,0.28816333,-0.38068902,0.1307517,-0.4583901,-0.20718184,0.09766575,0.100756004,-0.14100546,-0.19675392,0.29528093,0.27115738
3240,2025-01,8,1,2020-07,2024-10,2026-01,2440.0,2440.0,0.0,1.0,1.0,0.0,1,train,0.41844165,-0.3607744,0.069625966,0.11866956,0.20726028,-0.058154214,-0.23272447,-0.29214418,-0.07695734,0.38367936,-0.53920376,0.3396973,-0.067513876,0.17000978,0.7450141,0.43274537,-0.13328001,-0.007883217,-0.2127619,-0.15720312,-0.4057358,-0.6655884,-0.4426009,-0.21474782,0.5630831,0.43319127,-0.1445917,-0.4531267,-0.016900042,0.0978817,-0.307411,0.34650472
3252,2025-01,6,1,2020-07,2024-06,2025-11,995.0,730.0,265.0,0.9123931623931624,1.0,0.0,1,train,0.4653988,-0.38561416,0.057667088,0.22880715,0.37817186,-0.105949774,-0.28297022,-0.26564872,-0.22266203,0.2353355,-0.6258703,0.42910635,-0.077297516,0.187354,0.9019407,0.4739356,-0.17532162,0.06569199,-0.48046255,-0.15890895,-0.5202284,-0.87635624,-0.5042793,-0.23015726,0.615143,0.52872205,-0.07473449,-0.41215834,0.061053418,0.05220159,-0.35373864,0.3440334
3277,2025-01,7,4,2020-08,2023-06,2025-02,590.2,590.2,0.0,1.0,1.0,0.0,1,train,0.49365306,-0.36070588,0.081117466,0.13753204,0.3187381,-0.07918216,-0.2700878,-0.29426175,-0.19585264,0.34943599,-0.56356937,0.41899952,-0.10835164,0.17996801,0.7735354,0.4423046,-0.116801806,0.04978993,-0.35523814,-0.1422507,-0.46319336,-0.7074191,-0.4268117,-0.21851408,0.5960205,0.46004435,-0.1669878,-0.38705388,0.043202788,0.10246443,-0.3027212,0.2957192
3285,2025-01,3,1,2020-08,2022-03,2025-01,169.0,169.0,0.0,1.0,1.0,0.0,1,train,0.58110404,-0.46570322,0.090781786,0.13474828,0.3926067,-0.15668127,-0.2956045,-0.33613318,-0.26130584,0.38257807,-0.62743217,0.47973934,-0.18516004,0.22278827,0.8974445,0.5272168,-0.17396536,0.09693746,-0.48943603,-0.066103145,-0.60505575,-0.8400459,-0.48326498,-0.27950928,0.72176105,0.50787354,-0.20952085,-0.47501582,0.015999243,0.14303607,-0.3595881,0.30732682
3294,2025-01,3,1,2020-08,2020-11,2025-09,144.54,144.54,0.0,1.0,1.0,0.0,1,train,0.5841729,-0.46192768,0.08940274,0.13722801,0.39805004,-0.1542483,-0.30346972,-0.33374974,-0.26764604,0.38266537,-0.6289365,0.48455167,-0.18604809,0.23324652,0.9006618,0.5289725,-0.17156512,0.1003495,-0.50021195,-0.06279143,-0.60604465,-0.84619594,-0.48528075,-0.28278592,0.7234612,0.503307,-0.20729679,-0.47527775,0.017494489,0.1449996,-0.36127436,0.3064067
3321,2025-01,22,1,2020-09,2024-10,2025-02,7074.5,7074.5,0.0,1.0,1.0,0.0,1,train,-0.11879234,0.19517308,0.23331797,0.12752628,-0.2771327,0.061475947,0.36786345,0.17875347,0.5050487,-0.08850282,0.1534125,-0.28507844,0.17607443,-0.49809045,-0.36333165,-0.14491118,-0.18074848,-0.07934328,0.6398374,-0.28529003,0.24927,0.52474123,0.017649218,0.32395127,-0.4839885,-0.021883368,0.017477538,0.23478001,0.0040023103,-0.29175034,0.47482133,-0.04700706
3342,2025-01,6,5,2020-10,2023-06,2025-02,1016.0,1016.0,0.0,1.0,1.0,0.0,1,train,0.512358,-0.40186137,0.08211912,0.12893662,0.32016227,-0.10053985,-0.27203426,-0.31694087,-0.19179997,0.37317383,-0.5770903,0.4221346,-0.12286123,0.1818339,0.81138206,0.46935597,-0.13953848,0.051535744,-0.36417294,-0.12633704,-0.49894744,-0.73689723,-0.4428628,-0.23566008,0.6346017,0.47623557,-0.18057431,-0.42478424,0.027571611,0.11087122,-0.31981352,0.3096821
3353,2025-01,4,1,2020-09,2021-04,2025-03,1587.0,1587.0,0.0,1.0,1.0,0.0,1,train,0.5579987,-0.4594911,0.0867538,0.12918006,0.35348284,-0.14242074,-0.28449735,-0.3381845,-0.22441962,0.38789266,-0.6136027,0.45209038,-0.16026002,0.20344818,0.8845792,0.5186552,-0.179039,0.073937595,-0.43353492,-0.08242197,-0.57365406,-0.8098488,-0.4780801,-0.2692122,0.70056754,0.5031731,-0.1954063,-0.47523484,0.010589896,0.12892818,-0.35334316,0.32160136
3358,2025-01,7,1,2020-09,2023-08,2025-07,2082.25,2082.25,0.0,1.0,1.0,0.0,1,train,0.4908377,-0.3763919,0.07721187,0.1265139,0.3027791,-0.08472419,-0.26203153,-0.30323124,-0.17926952,0.36316678,-0.55337644,0.4080936,-0.105445616,0.16810912,0.77416766,0.44579822,-0.12297994,0.03999188,-0.32915175,-0.1408558,-0.4660117,-0.6894343,-0.4256866,-0.21994099,0.60156137,0.46087024,-0.17230424,-0.3976436,0.032199815,0.101795934,-0.3042764,0.29994825
3387,2025-01,3,1,2020-10,2021-05,2026-03,180.0,180.0,0.0,1.0,1.0,0.0,1,train,0.58364236,-0.46547383,0.08802227,0.13525672,0.39813665,-0.15631613,-0.29687777,-0.335262,-0.26576668,0.38111126,-0.62483805,0.4839293,-0.18767008,0.22763528,0.8988987,0.5280209,-0.17277549,0.10273735,-0.49670446,-0.0637288,-0.60888344,-0.8405897,-0.48202133,-0.28105912,0.7237196,0.50472105,-0.2074938,-0.4736646,0.017764378,0.1451309,-0.36176288,0.3044269
3411,2025-01,7,1,2020-10,2024-11,2025-11,1181.0,1181.0,0.0,1.0,1.0,0.0,1,train,0.47881377,-0.36114004,0.075341456,0.1388542,0.2804837,-0.09149255,-0.29652682,-0.29798725,-0.16185516,0.38044947,-0.62230426,0.40052032,-0.087657146,0.22630201,0.801031,0.45580825,-0.12662794,0.018009264,-0.33043748,-0.14336061,-0.4172988,-0.7566421,-0.4763621,-0.24377811,0.61027783,0.45306152,-0.15503886,-0.43859208,0.018013828,0.1182966,-0.32776296,0.34114572
3415,2025-01,10,2,2020-10,2024-03,2025-01,513.0,513.0,0.0,1.0,1.0,0.0,1,test,0.42129713,-0.30756587,0.06654174,0.11402879,0.26665854,-0.047622446,-0.20426923,-0.26972267,-0.13034329,0.32633287,-0.46909648,0.36559728,-0.07970054,0.10753168,0.63424635,0.3719952,-0.07657131,0.030506779,-0.2132667,-0.1870279,-0.3883878,-0.5350437,-0.34441733,-0.15717241,0.49896017,0.4275429,-0.16632701,-0.31201017,0.048114814,0.07783838,-0.2397912,0.24757066
3430,2025-01,17,11,2020-11,2024-12,2025-01,6120.8099999999995,6120.8099999999995,0.0,1.0,0.9142314049586777,0.08576859504132231,0,train,0.24256618,0.048288032,0.13530448,0.10630611,-0.04335897,0.08447307,-0.18377289,-0.0034573153,0.027081393,0.267027,-0.49690658,0.1498594,0.060804635,0.15949963,0.28976962,0.16675101,0.002088979,-0.124927565,0.013935835,-0.23309423,0.06553537,-0.28437603,-0.43753266,-0.07249507,0.09627997,0.14162931,-0.103766546,-0.18731797,-0.04115454,0.07156261,-0.09912652,0.2901108
3449,2025-01,6,1,2020-11,2024-08,2025-04,117.0,117.0,0.0,1.0,1.0,0.0,1,train,0.51726633,-0.35452837,0.091881156,0.15148647,0.33949202,-0.08220935,-0.30071923,-0.28675494,-0.23087704,0.34742236,-0.6011258,0.44095343,-0.1168445,0.21473192,0.8072275,0.4562348,-0.117399916,0.05599254,-0.4145092,-0.12821764,-0.47095132,-0.76514184,-0.4585418,-0.23547223,0.61435795,0.46258625,-0.16435936,-0.39636427,0.046795554,0.1104513,-0.3179499,0.30688772
3486,2025-01,10,3,2020-12,2024-11,2025-06,2123.5,2123.5,0.0,1.0,1.0,0.0,1,train,0.41026127,-0.2829165,0.071830414,0.12332802,0.2587727,-0.0373605,-0.20172009,-0.25232425,-0.12963164,0.30930132,-0.47866362,0.36211818,-0.06718113,0.1040077,0.6205765,0.35903355,-0.06857991,0.019302826,-0.2091342,-0.19787584,-0.363034,-0.53246576,-0.3486508,-0.14586756,0.47330064,0.42243224,-0.15717517,-0.29391885,0.05381821,0.07329141,-0.23259781,0.25117886
3519,2025-01,26,1,2021-01,2024-12,2025-05,3623.55,3623.55,0.0,1.0,1.0,0.0,1,train,-0.11435048,0.6171579,0.39633775,0.20618433,-0.3819781,0.40192625,0.10812504,0.37912557,0.37720084,-0.06729145,-0.12068084,-0.27233392,0.21534356,-0.15584195,-0.46211514,-0.22917996,-0.028083846,-0.14995006,0.39498648,-0.25662428,0.53709406,0.4004328,-0.18398008,0.30636066,-0.7298028,-0.30064726,0.07240139,0.40311405,-0.008223048,-0.20811103,0.4248823,-0.0037587062
3529,2025-01,4,2,2021-02,2024-12,2025-02,136.0,136.0,0.0,1.0,1.0,0.0,1,train,0.5650656,-0.4357147,0.0888155,0.13896467,0.37799713,-0.13264035,-0.29827854,-0.32730025,-0.2504924,0.3770601,-0.61573124,0.46850345,-0.16466036,0.21802421,0.87349427,0.5088816,-0.15777586,0.087835774,-0.46655264,-0.087206006,-0.5676277,-0.8169168,-0.4718619,-0.26697513,0.69186175,0.49524537,-0.19729534,-0.45261726,0.027142555,0.13215524,-0.34556416,0.3075351
3570,2025-01,30,14,2021-02,2024-11,2025-01,19292.4,19292.4,0.0,1.0,0.9409792085848424,0.05902079141515761,0,train,-0.11667889,0.86420816,0.43460846,0.21272898,-0.7629721,0.43096435,-0.26819828,0.7575333,0.41960344,-0.0047414945,-0.8367823,-0.54411715,0.36963427,0.42104924,-0.57606506,-0.39344695,-0.0152089,-0.3458797,0.058610484,-0.20902547,0.979126,0.051843237,-0.81015813,0.0026343614,-0.9067,-0.85937035,0.104203254,0.21941024,-0.26102978,0.034871586,0.275561,0.3792296
3580,2025-01,22,5,2021-03,2024-07,2025-07,23645.09,16729.85,6915.24,0.9172126004806608,0.9056507936507936,0.09434920634920635,0,train,-0.5513419,0.38362855,0.11131777,0.7934967,-0.5481723,0.20791574,-0.12597571,1.0839456,0.19941539,-0.86496985,-1.1043688,-1.0161234,0.68327385,-0.23500098,-0.053212613,-0.38137853,-0.4248488,-0.46282968,-0.27788645,-0.42172503,0.8171108,-0.43866736,-0.7104704,0.24029267,-0.8299256,-0.3060937,0.88051254,0.6786883,-0.06912179,-0.6817895,0.2212423,0.7404396
3594,2025-01,9,2,2021-03,2024-09,2025-02,446.0,446.0,0.0,1.0,1.0,0.0,1,train,0.44280285,-0.30076957,0.08042386,0.13278349,0.2801308,-0.04689728,-0.24017343,-0.26265764,-0.16106951,0.32560593,-0.52426517,0.38616455,-0.07843616,0.14495754,0.6829034,0.38808,-0.07891064,0.023472201,-0.2719192,-0.17889243,-0.39009592,-0.6113189,-0.3904814,-0.17663491,0.51833975,0.43414998,-0.15853369,-0.3286773,0.05168985,0.0857174,-0.26166427,0.27467602
3643,2025-01,36,17,2021-04,2024-12,2025-01,87614.12999999999,86439.12999999999,1175.0,0.9755772576448671,0.7198634764531439,0.28013652354685614,0,train,-0.8264547,-0.024983406,-0.042406224,0.15912214,-1.3482361,-1.0032982,0.45866448,1.0875915,1.1157967,-0.6393036,-0.88202673,-1.5170784,0.4480763,-0.21278068,-0.13141769,-0.7077808,-0.98640954,-0.56987745,0.43731663,-0.15340522,1.1025343,-0.014912561,-1.245114,-0.23718423,-0.7606858,-0.8338382,0.5722077,-0.5460801,-1.2612125,0.027688958,0.7777216,1.4221765
3649,2025-01,5,1,2021-03,2024-09,2025-06,162.0,162.0,0.0,1.0,1.0,0.0,1,train,0.54262745,-0.4186884,0.08379463,0.13597874,0.35945842,-0.1187267,-0.2819283,-0.32291046,-0.22877842,0.36974472,-0.5939274,0.45181906,-0.14873126,0.19724898,0.8419417,0.48781338,-0.1467162,0.07936242,-0.425248,-0.10823981,-0.5386481,-0.7761516,-0.45165908,-0.25020045,0.66423,0.48824915,-0.18910538,-0.43133372,0.03357667,0.12183607,-0.33143872,0.30167365
3652,2025-01,4,1,2021-04,2024-04,2026-01,663.0,473.0,190.0,0.8855421686746988,1.0,0.0,1,train,0.4449656,-0.47677514,0.042684115,0.31447366,0.457785,-0.15938322,-0.2747035,-0.27209473,-0.24423662,0.13555942,-0.7091302,0.4391166,-0.049476184,0.17732273,1.0190008,0.4844631,-0.19889495,0.08606161,-0.613442,-0.20029783,-0.6205282,-1.0351453,-0.5713717,-0.25029325,0.65774995,0.63360274,-0.019274957,-0.42429766,0.036266323,0.0066365227,-0.4297245,0.39182073
3735,2025-01,6,3,2021-05,2024-11,2025-03,2286.0,2031.0,255.0,0.9632034632034632,0.8333333333333334,0.16666666666666666,0,test,0.47970986,-0.32675865,0.082996145,0.20149615,0.31353945,-0.076263785,-0.34425214,-0.23908827,-0.21969804,0.29614997,-0.6752351,0.41338098,-0.066079386,0.2754836,0.86752164,0.4680168,-0.15552007,0.018249426,-0.45735928,-0.13132474,-0.42184487,-0.8762044,-0.5448129,-0.25346187,0.5951698,0.45641425,-0.080888,-0.42734572,0.03271738,0.090821005,-0.36108178,0.37664297
3776,2025-01,10,1,2021-08,2024-09,2025-05,6206.09,5320.09,886.0,0.85,0.0,1.0,0,train,-0.055963486,-0.25085413,0.06284343,0.70198727,0.40857422,-0.15146106,-0.21146843,-0.07083302,-0.15029645,-0.2609823,-0.9468543,0.23068446,0.24944273,0.18956484,0.93928766,0.23791754,-0.12807626,-0.11909906,-0.8710926,-0.4452235,-0.44143048,-1.3177724,-0.708053,-0.2795087,0.29730603,0.57641625,0.35702565,-0.2329064,-0.06665675,-0.32844946,-0.56018627,0.53059417
3794,2025-01,5,1,2021-07,2023-05,2026-03,465.0,465.0,0.0,1.0,1.0,0.0,1,test,0.5388858,-0.4278436,0.081599146,0.13067985,0.34962985,-0.1204889,-0.2765821,-0.32845065,-0.21573186,0.37722662,-0.58919346,0.44445843,-0.14682314,0.19270635,0.84271586,0.49123764,-0.15238553,0.07505816,-0.40847504,-0.10786828,-0.54049313,-0.77059364,-0.45115256,-0.25060916,0.66838604,0.48877963,-0.19017948,-0.44065443,0.027318332,0.12185719,-0.33379766,0.30555603
3862,2025-01,18,3,2021-08,2024-12,2025-01,2717.3599999999997,2717.3599999999997,0.0,1.0,0.6666666666666666,0.3333333333333333,0,train,0.19943571,0.14506003,0.17591669,0.089201845,-0.08535236,0.13879888,-0.14555751,0.05078329,0.09311055,0.23574285,-0.39303178,0.08100708,0.09747192,0.116031915,0.096950874,0.0951159,0.026752658,-0.11833542,0.11685585,-0.22971076,0.1610862,-0.12045328,-0.3516007,-0.004062649,-0.03493303,0.057098325,-0.118389286,-0.086358264,-0.015917115,0.028927587,-0.0047251955,0.18918394
3937,2025-01,6,7,2021-10,2024-12,2025-03,3870.6100000000006,3870.6100000000006,0.0,1.0,1.0,0.0,1,train,0.47139347,-0.28236687,0.10481052,0.17308801,0.1913163,-0.0508569,-0.42813262,-0.24273282,-0.1722343,0.42366526,-0.78249955,0.36581802,-0.05576215,0.40790734,0.89066875,0.47638837,-0.14660761,-0.077875905,-0.4067836,-0.08169173,-0.32128444,-0.94716173,-0.6570335,-0.32733572,0.60425097,0.39726782,-0.10059307,-0.56579113,-0.078861155,0.14821437,-0.374717,0.48407894
3982,2025-01,20,7,2021-10,2024-04,2025-08,8421.45,8411.45,10.0,0.9992498124531133,1.0,0.0,1,test,-0.058509976,-0.18354642,0.14130712,0.122981444,-0.13322869,-0.09230538,0.29632077,0.023289341,0.46983457,-0.1372935,0.09614509,-0.2798281,0.17053705,-0.5613423,-0.13915053,-0.019514404,-0.304531,-0.077372745,0.5631027,-0.36609346,0.0319546,0.3403973,-0.04924673,0.29943597,-0.25276393,0.18710738,0.0117828855,0.15812066,0.017042544,-0.3216682,0.2477222,0.102591395
4023,2025-01,5,1,2021-11,2023-02,2026-02,620.0,620.0,0.0,1.0,1.0,0.0,1,test,0.5158225,-0.45597965,0.087820426,0.12210065,0.315634,-0.14178015,-0.22963694,-0.34598213,-0.16990161,0.37722635,-0.59222925,0.4133419,-0.14203951,0.13092034,0.83336747,0.48117325,-0.17216805,0.043247897,-0.33637863,-0.12616564,-0.5449004,-0.74225956,-0.4473005,-0.22959548,0.6565374,0.52153116,-0.20061776,-0.4532064,0.013271663,0.10851852,-0.31660944,0.3206058
4058,2025-01,24,17,2022-02,2024-12,2025-01,56909.81,50616.64,6293.17,0.8957772171174954,0.9566584847004866,0.043341515299513286,1,train,-0.9969102,-0.46563888,-0.20918909,0.72045934,-0.9806812,-1.0834609,1.119393,0.9945226,1.3282512,-1.111827,0.07845275,-1.7482603,0.53069586,-1.521968,-0.4635965,-0.6414984,-1.0997436,-0.64819163,0.96320003,-0.6320754,0.90901905,0.6379994,-0.5246895,0.43515274,-0.98725003,-0.21219277,0.9106415,0.40236112,-0.6856313,-0.9891248,1.2805227,0.95027626
4072,2025-01,4,1,2021-12,2022-03,2025-07,180.0,150.0,30.0,0.9292452830188679,1.0,0.0,1,test,0.3870592,-0.4950138,0.037580114,0.4135153,0.5015913,-0.18567935,-0.29153323,-0.32095373,-0.19467464,0.16851896,-0.780656,0.5087308,0.060557574,0.2639933,1.0890288,0.46815127,-0.203575,0.049457926,-0.64863676,-0.29912403,-0.60401064,-1.1316519,-0.6699218,-0.28414014,0.6799316,0.55499053,0.00078533776,-0.43165535,-0.037518047,0.04163853,-0.5135197,0.46646973
4128,2025-01,3,2,2022-01,2023-09,2025-12,1169.2,1169.2,0.0,1.0,1.0,0.0,1,train,0.5693996,-0.48822984,0.084288724,0.11691903,0.35494983,-0.15257886,-0.2962294,-0.34680656,-0.22228447,0.40993175,-0.6232598,0.4550217,-0.17639193,0.24187599,0.91463697,0.5467867,-0.19848683,0.0858459,-0.45242837,-0.050144114,-0.6065645,-0.8511666,-0.50149214,-0.29272622,0.7433507,0.4968798,-0.19964416,-0.52589023,-0.01415398,0.1515162,-0.38247022,0.3368552
4163,2025-01,15,1,2022-02,2024-05,2025-05,1818.6,1818.6,0.0,1.0,1.0,0.0,1,test,0.28833458,-0.17328134,0.06931766,0.06740172,0.13502136,0.008936873,-0.08377968,-0.17899275,0.006551951,0.2746909,-0.29246575,0.2372552,-0.017691642,-0.02271011,0.33479366,0.23770794,-0.025606632,-0.010620229,0.06616739,-0.242353,-0.20986363,-0.1955265,-0.21064416,-0.030712713,0.26840603,0.32273775,-0.17179404,-0.1696038,0.039591573,0.024478711,-0.092080295,0.1558845
4244,2025-01,11,3,2022-04,2024-09,2025-03,1705.62,1705.62,0.0,1.0,1.0,0.0,1,test,0.3839715,-0.21834776,0.085126474,0.13804871,0.20146534,-0.021948319,-0.23523046,-0.21383503,-0.10854215,0.3167447,-0.5586438,0.33315137,-0.02687969,0.15841116,0.6060523,0.33733493,-0.047061086,-0.03438373,-0.18911998,-0.20916548,-0.25341237,-0.566206,-0.41635442,-0.15328765,0.42644972,0.38593346,-0.13785568,-0.30526718,0.034296963,0.08528633,-0.23907857,0.2981133
4247,2025-01,9,5,2022-04,2024-12,2025-03,3497.8,3497.8,0.0,1.0,1.0,0.0,1,train,0.4051075,-0.40422282,0.05620816,0.096987486,0.17424518,-0.04791406,-0.2341622,-0.31138027,-0.03566394,0.41842902,-0.5011025,0.313625,-0.06631989,0.19365253,0.7754338,0.46286657,-0.17107385,-0.0059117004,-0.18180078,-0.119980216,-0.42712635,-0.6715077,-0.4480813,-0.23583189,0.59537786,0.4172864,-0.12809555,-0.5211065,-0.05916175,0.10292754,-0.33659065,0.36633435
4256,2025-01,11,2,2022-04,2024-08,2025-05,2747.9500000000003,2747.9500000000003,0.0,1.0,1.0,0.0,1,train,0.39502555,-0.1256896,0.11283496,0.15440625,0.21582884,0.048996612,-0.31443125,-0.1551224,-0.16386014,0.2966761,-0.54104817,0.3486622,-0.0017012805,0.21622051,0.572147,0.3258049,-0.014037557,-0.04036449,-0.24703532,-0.19037195,-0.21728499,-0.57310605,-0.4291805,-0.15585709,0.38696164,0.33023998,-0.13344328,-0.26325697,0.051347323,0.074776985,-0.21464515,0.28289342
4271,2025-01,6,2,2022-04,2024-02,2025-02,350.2,350.2,0.0,1.0,1.0,0.0,1,train,0.5120401,-0.40767744,0.076961614,0.13174608,0.33183613,-0.116478905,-0.2698842,-0.3320641,-0.19175932,0.38058653,-0.59837955,0.4339801,-0.12348313,0.18092352,0.81475556,0.4721964,-0.12931071,0.05490757,-0.35605544,-0.13994645,-0.49407035,-0.7427052,-0.4412706,-0.23751223,0.6450486,0.4921126,-0.19130069,-0.4239792,0.037915133,0.1208872,-0.31716406,0.306641
4300,2025-01,3,1,2022-05,2024-03,2025-06,195.0,195.0,0.0,1.0,1.0,0.0,1,test,0.5830093,-0.46766514,0.087163836,0.13419779,0.39592385,-0.1576354,-0.29764003,-0.33657765,-0.2623158,0.38371122,-0.62549835,0.4821533,-0.18740562,0.22979954,0.90072954,0.52980626,-0.17488989,0.10252528,-0.4943259,-0.06257587,-0.6089155,-0.8426595,-0.48345286,-0.2828326,0.7262188,0.5044147,-0.20725925,-0.47826815,0.0153469555,0.14603561,-0.36342183,0.30608958
4366,2025-01,6,8,2022-06,2024-12,2025-01,1437.0,1437.0,0.0,1.0,0.8315217391304348,0.16847826086956522,0,train,0.49000496,-0.09055485,0.15484726,0.2567799,0.24120775,0.07768443,-0.59417605,-0.118503936,-0.28727677,0.33475557,-0.82118607,0.37839687,0.025157213,0.5192553,0.8490679,0.4437823,-0.07999615,-0.1096831,-0.5651713,-0.077081926,-0.21156767,-1.0303925,-0.71003795,-0.30928245,0.5056852,0.32203472,-0.05267681,-0.45327,-0.013364394,0.09636202,-0.3529978,0.47671232
4367,2025-01,4,1,2022-06,2024-07,2025-08,159.0,159.0,0.0,1.0,1.0,0.0,1,train,0.5645588,-0.43842822,0.08733004,0.13789517,0.3777951,-0.13622873,-0.2948627,-0.32771397,-0.24847123,0.37562874,-0.6147232,0.46782637,-0.16562527,0.21622166,0.8734399,0.5086399,-0.15985452,0.089821905,-0.4650848,-0.08753815,-0.56812054,-0.81514746,-0.47091162,-0.26696056,0.6928102,0.4960542,-0.19618092,-0.4523818,0.026828479,0.132478,-0.34723857,0.30650362
4446,2025-01,4,2,2022-08,2024-11,2025-05,147.5,147.5,0.0,1.0,1.0,0.0,1,train,0.5565599,-0.45547846,0.08176671,0.13171679,0.36848938,-0.15018146,-0.2883701,-0.3506484,-0.22589698,0.39845031,-0.6328045,0.46591744,-0.16000977,0.21098483,0.8784082,0.51758945,-0.15752092,0.08160326,-0.42732596,-0.1016946,-0.562609,-0.8164112,-0.47191793,-0.27088648,0.7091104,0.51220596,-0.20959955,-0.47043175,0.025150802,0.14275157,-0.34816504,0.3142576
4498,2025-01,12,14,2022-08,2024-11,2025-01,4676.59,4676.59,0.0,1.0,0.9439734401784424,0.05602655982155765,0,train,0.30491635,-0.3906638,-0.0016742572,0.1985847,0.24233621,-0.09575388,-0.19651902,-0.244043,0.0067282505,0.24251452,-0.46469873,0.25438106,0.06802049,0.13199955,0.68354404,0.36558065,-0.20763934,-0.029848048,-0.16326924,-0.27287054,-0.3734712,-0.5841331,-0.40489528,-0.14121392,0.43250644,0.34938517,-0.052009583,-0.3391085,-0.0042887824,0.029423513,-0.3385825,0.3653061
4528,2025-01,3,2,2022-09,2024-12,2025-01,904.0,904.0,0.0,1.0,1.0,0.0,1,train,0.57337,-0.47730145,0.09270817,0.12906367,0.36682028,-0.15975481,-0.29876518,-0.33956558,-0.23884523,0.39317384,-0.63835937,0.46187088,-0.17694625,0.22978905,0.90866053,0.53689355,-0.19358483,0.08072564,-0.46728066,-0.059010208,-0.6004499,-0.85220945,-0.5003467,-0.2850763,0.728026,0.506642,-0.2026415,-0.5028783,-0.0017169323,0.14207056,-0.36952546,0.329005
4538,2025-01,6,2,2022-09,2024-07,2025-10,637.0,637.0,0.0,1.0,1.0,0.0,1,train,0.49709624,-0.44579995,0.062380347,0.11856342,0.31153315,-0.146877,-0.24643008,-0.3632221,-0.14796221,0.4093201,-0.61134946,0.41866797,-0.121674545,0.16674528,0.82708704,0.4849902,-0.14507884,0.046426598,-0.30091336,-0.150487,-0.4966995,-0.7388269,-0.44231373,-0.24394149,0.6687336,0.5134219,-0.2008895,-0.46119964,0.02250811,0.13037151,-0.32234633,0.31976774
50039,2025-01,3,1,2022-10,2023-11,2025-04,321.6,321.6,0.0,1.0,1.0,0.0,1,train,0.5827129,-0.46538597,0.089231834,0.13422427,0.39148808,-0.15285659,-0.30309168,-0.33577165,-0.261772,0.3870725,-0.6284569,0.48016295,-0.18423209,0.23473306,0.9029281,0.5318091,-0.17524587,0.097686484,-0.4938024,-0.060727432,-0.60614306,-0.84757185,-0.48835737,-0.2841603,0.72637624,0.50200677,-0.20648143,-0.4828074,0.013195448,0.14568996,-0.3646628,0.31168792
50067,2025-01,4,2,2022-10,2023-04,2025-09,91.0,91.0,0.0,1.0,1.0,0.0,1,test,0.56503695,-0.43542424,0.088658944,0.1393948,0.37947133,-0.13264468,-0.29668897,-0.3272361,-0.25147918,0.3756692,-0.61465305,0.4695124,-0.16528991,0.21627368,0.87253904,0.5080989,-0.1569781,0.08867568,-0.4666758,-0.088039145,-0.56856996,-0.81528723,-0.47048217,-0.26585996,0.6912195,0.49589625,-0.19750452,-0.45070517,0.028409436,0.13195497,-0.3446743,0.3060891
50069,2025-01,4,1,2022-10,2023-10,2025-12,156.5,156.5,0.0,1.0,1.0,0.0,1,test,0.5629226,-0.38799182,0.1018077,0.1568048,0.36933064,-0.11371946,-0.33929643,-0.29460394,-0.27088144,0.36356106,-0.6505217,0.4680555,-0.14538005,0.26349363,0.87410724,0.4990459,-0.1450969,0.073757574,-0.5029334,-0.08503103,-0.518241,-0.85746264,-0.5045546,-0.27498537,0.67108285,0.4750614,-0.17552045,-0.4436471,0.030653711,0.12916303,-0.35111094,0.326107
50090,2025-01,8,10,2022-11,2024-12,2025-01,4736.2,4017.2,719.0,0.8958333333333333,0.8855250496300305,0.11447495036996931,0,train,0.21901254,-0.42182922,0.025596917,0.46094272,0.33649793,-0.1814679,-0.34209794,-0.1383101,-0.16954687,-0.044588327,-1.0050678,0.20515431,0.12719274,0.18357736,1.0510168,0.42487565,-0.20161884,-0.07562189,-0.5727692,-0.36478955,-0.4066002,-1.1901838,-0.73838073,-0.25602823,0.5364522,0.6687348,0.21059254,-0.3466142,-0.0008822493,-0.113819145,-0.44936362,0.59478235
50092,2025-01,19,13,2022-11,2024-12,2025-01,6222.66,6222.66,0.0,1.0,1.0,0.0,1,train,0.16762552,0.48107797,0.3024127,0.08384058,-0.31245062,0.31273407,-0.3161086,0.30601498,0.09256131,0.2715872,-0.6646902,-0.06995629,0.1955824,0.4149583,-0.070345,-0.015407093,0.081704095,-0.26584557,-0.032764662,-0.18059492,0.5292094,-0.17833595,-0.6564704,-0.048814267,-0.3119221,-0.29434058,-0.08115189,-0.03686009,-0.12953691,0.12695941,-0.015102422,0.31526786
50171,2025-01,4,1,2023-01,2024-07,2025-08,128.0,128.0,0.0,1.0,1.0,0.0,1,train,0.5619256,-0.4238606,0.09075208,0.14413826,0.37609345,-0.12899902,-0.3017953,-0.3177692,-0.25419128,0.36821538,-0.6216686,0.4686886,-0.15968686,0.22547643,0.87168646,0.5048897,-0.15556854,0.08644867,-0.47186273,-0.089270815,-0.5555544,-0.8236527,-0.4783467,-0.26570982,0.68524164,0.49108335,-0.18866418,-0.4475617,0.0303903,0.1311208,-0.3477373,0.31059942
50303,2025-01,10,7,2023-03,2024-11,2025-02,32715.15,32713.27,1.88,0.9999828711739168,1.0,0.0,1,train,0.12011383,-0.3577513,-0.037022658,0.26943368,-0.29472652,-0.31741923,-0.27386412,-0.10824781,0.23069659,0.23852593,-1.0109965,-0.007121604,0.070050456,0.4554507,1.0795177,0.412686,-0.5237471,-0.32071927,-0.3052297,0.0051963627,-0.1710952,-1.184903,-1.0825713,-0.5946816,0.5282729,0.39488512,0.25398016,-1.0245955,-0.49604893,0.14848429,-0.36126533,0.96007234
50356,2025-01,9,7,2023-03,2024-10,2025-01,441.95,441.95,0.0,1.0,1.0,0.0,1,train,0.44199073,-0.33564752,0.07400733,0.12210186,0.278624,-0.06888653,-0.2139192,-0.28568655,-0.14181018,0.33466992,-0.50630194,0.37778988,-0.08936938,0.112761185,0.6839527,0.3933885,-0.09379688,0.026935149,-0.24479547,-0.17930111,-0.41696817,-0.59054285,-0.3727935,-0.17247614,0.531251,0.45260108,-0.17246568,-0.34056458,0.04498689,0.08202215,-0.25368497,0.2690415
50418,2025-01,13,13,2023-04,2024-12,2025-01,47982.0,47337.0,645.0,0.9966273275361713,1.0,0.0,1,train,0.038492132,-0.2078251,-0.105280094,0.30293733,-0.4972156,-0.26162446,-0.22278912,0.29389897,0.29050446,0.19429657,-1.0843366,-0.31393293,0.2598009,0.37412024,0.78913534,0.21740896,-0.36694822,-0.37846023,-0.2999677,-0.011855245,0.36317107,-1.0598755,-1.1521535,-0.47029367,0.22283177,-0.077313855,0.33000824,-0.76121664,-0.6181896,0.23971692,-0.1931026,1.157688
50527,2025-01,14,14,2023-06,2024-12,2025-01,20179.289999999997,20179.289999999997,0.0,1.0,0.8971586667548807,0.10284133324511927,0,train,0.21227644,0.06087828,0.14242435,0.11622111,-0.23775172,-0.07996401,-0.19733821,0.10280979,0.07754109,0.31821314,-0.80337393,0.029633543,0.097651355,0.30765072,0.42243105,0.13795932,-0.06487953,-0.28988796,-0.028938824,-0.19430287,0.26012772,-0.49361572,-0.78643405,-0.21116385,0.08443478,0.081720695,-0.09943667,-0.45587268,-0.27383792,0.20618755,-0.10297211,0.57846177
50571,2025-01,11,5,2023-07,2024-12,2025-01,1202.75,1202.75,0.0,1.0,1.0,0.0,1,train,0.40397435,0.07970791,0.16369411,0.19269854,0.11866348,0.14241582,-0.5135405,-0.024657145,-0.216046,0.3266267,-0.8119397,0.29812118,0.07782171,0.46966973,0.5757661,0.29901275,0.05692397,-0.17543516,-0.37737948,-0.16577286,0.047966138,-0.77146834,-0.68706286,-0.23058218,0.30787262,0.19436209,-0.0968218,-0.2922895,-0.015974753,0.13579154,-0.26593295,0.4258033
50580,2025-01,3,4,2023-08,2024-10,2025-01,392.0,392.0,0.0,1.0,1.0,0.0,1,train,0.5825578,-0.46131766,0.09075813,0.13558204,0.3889204,-0.15143889,-0.30892387,-0.33256057,-0.26273465,0.38690034,-0.63336086,0.47913963,-0.18152395,0.24109553,0.9045216,0.53205615,-0.17549706,0.09504211,-0.49727905,-0.059556387,-0.60042346,-0.853627,-0.49349076,-0.2860841,0.72528404,0.49963665,-0.20381863,-0.4842142,0.012217451,0.14535257,-0.3664601,0.31544492
50589,2025-01,6,4,2023-07,2024-11,2025-04,2462.59,2462.59,0.0,1.0,1.0,0.0,1,test,0.5067174,-0.13324189,0.14691089,0.21513507,0.22412524,0.074193746,-0.5688692,-0.1484974,-0.26793402,0.38920608,-0.7810152,0.37918982,0.003928907,0.50884455,0.83563364,0.46176916,-0.087372206,-0.104840755,-0.5133634,-0.060772665,-0.23840384,-0.98222613,-0.6777132,-0.30681875,0.5341243,0.31170976,-0.084499516,-0.48057356,-0.02870686,0.11267718,-0.3535397,0.46644333
50590,2025-01,3,2,2023-07,2023-12,2025-04,589.5,589.5,0.0,1.0,1.0,0.0,1,train,0.56968504,-0.38689187,0.11249009,0.1553399,0.34226155,-0.10263206,-0.3833507,-0.28948054,-0.26889843,0.39719522,-0.6871799,0.4579158,-0.14455882,0.33793408,0.9107908,0.5292527,-0.16471025,0.06108876,-0.52930564,-0.039081395,-0.5158487,-0.9356766,-0.5613652,-0.31076372,0.70385927,0.45187813,-0.16807075,-0.51448977,-0.009262885,0.15047505,-0.38372493,0.37434217
50591,2025-01,12,14,2023-07,2024-12,2025-02,3808.7,3808.7,0.0,1.0,1.0,0.0,1,train,0.34378695,0.019025119,0.14120924,0.16023862,0.016749933,0.06632607,-0.3477296,-0.04671625,-0.09350064,0.35672852,-0.7714239,0.23361464,0.057837244,0.3647691,0.52128184,0.260225,0.020619832,-0.19150545,-0.19099863,-0.19870126,0.0570955,-0.6296191,-0.6538444,-0.19445425,0.25290236,0.20272034,-0.11875573,-0.3482876,-0.0808827,0.16203925,-0.22018799,0.44030067
50592,2025-01,5,5,2023-07,2024-09,2025-01,1260.8,1260.8,0.0,1.0,1.0,0.0,1,test,0.52342474,-0.34753782,0.09955483,0.15994698,0.29993036,-0.073479965,-0.3620193,-0.27164575,-0.22111377,0.3773892,-0.66677964,0.42574513,-0.100989826,0.31004807,0.863312,0.49056375,-0.14797865,0.029294018,-0.44768742,-0.0897793,-0.439856,-0.8695106,-0.5389803,-0.27850527,0.6392444,0.43273056,-0.13269863,-0.47201338,0.0062526837,0.1298097,-0.36697918,0.37489396
50688,2025-01,9,8,2023-09,2024-12,2025-02,851.1800000000001,851.1800000000001,0.0,1.0,1.0,0.0,1,train,0.45028734,-0.3249419,0.07376281,0.12621734,0.284215,-0.05648912,-0.2388709,-0.27773446,-0.15753388,0.337443,-0.5145609,0.38621604,-0.08597612,0.14402583,0.6964036,0.4006617,-0.09143543,0.0324572,-0.27369192,-0.16923398,-0.4125586,-0.6135049,-0.38574478,-0.18525758,0.5380754,0.43855456,-0.1632392,-0.34579694,0.045491137,0.08742232,-0.26853335,0.27360374
50709,2025-01,3,3,2023-09,2024-09,2025-05,1408.01,1408.01,0.0,1.0,1.0,0.0,1,test,0.5617666,-0.44783524,0.09601263,0.13176833,0.32231265,-0.13054112,-0.35712212,-0.31996927,-0.22162125,0.42358422,-0.66806084,0.43971702,-0.15323108,0.3175506,0.930521,0.5519483,-0.19967599,0.058647055,-0.47700456,-0.031886615,-0.551687,-0.9176332,-0.55257237,-0.3188536,0.737198,0.46604368,-0.17438985,-0.55817914,-0.036660228,0.15567327,-0.39755827,0.3821586
50710,2025-01,4,2,2023-09,2024-12,2025-02,762.15,477.15,285.0,0.75,1.0,0.0,1,train,0.44239354,-0.24602726,0.10359247,0.34852782,0.38964882,-0.05718078,-0.4606069,-0.13863885,-0.32579952,0.14427179,-0.813433,0.4328325,-0.022430815,0.3695464,0.9930905,0.4576948,-0.1473296,0.0058131255,-0.7208399,-0.13816498,-0.42308566,-1.1535853,-0.64755076,-0.28832674,0.5715284,0.5196463,0.03479206,-0.41061288,0.041196868,0.0173079,-0.37386346,0.43746492
50717,2025-01,6,7,2023-09,2024-11,2025-01,783.75,783.75,0.0,1.0,0.7511520737327189,0.2488479262672811,0,train,0.52268153,-0.060688064,0.17386092,0.23007905,0.26381287,0.08559692,-0.6085507,-0.112107866,-0.33059943,0.3480395,-0.790032,0.41050804,0.010522112,0.51606053,0.80125475,0.4343229,-0.03971628,-0.090426944,-0.5812128,-0.06334423,-0.19777454,-0.9888875,-0.6751005,-0.3087352,0.5126714,0.30912519,-0.10507892,-0.4121607,0.01059415,0.10119633,-0.32562426,0.42382258
50726,2025-01,6,8,2023-10,2024-12,2025-02,1475.0,1421.0,54.0,0.9166666666666666,1.0,0.0,1,test,0.47688198,-0.013192978,0.17039794,0.31315917,0.24820638,0.07977103,-0.6463864,-0.054737665,-0.32563052,0.24496825,-0.92602974,0.3666917,0.052892666,0.56200266,0.88587713,0.40885302,-0.071269,-0.14184268,-0.6911304,-0.083041705,-0.1461511,-1.1552567,-0.7791966,-0.32829702,0.45433694,0.33605915,-0.00047373679,-0.41635746,-0.012985477,0.07391483,-0.34925783,0.50718784
50737,2025-01,5,5,2023-12,2024-11,2025-02,324.39,289.28999999999996,35.1,0.8095496473141617,0.8056245652389944,0.19437543476100566,0,train,0.206015,-0.31213593,0.10646387,0.6174039,0.52343845,-0.07694219,-0.10784663,-0.26647222,-0.20564604,-0.04356214,-0.68828523,0.6546306,0.032019228,0.15370645,1.0184681,0.34450445,-0.14691433,0.04898725,-0.8523591,-0.37344152,-0.74440193,-1.1685039,-0.56311274,-0.18758583,0.39499035,0.70876396,0.12197038,-0.36108205,-0.09954843,-0.1487516,-0.49329045,0.36855838
50766,2025-01,8,4,2023-11,2024-10,2025-02,2748.6,2748.6,0.0,1.0,1.0,0.0,1,train,0.45818007,0.15311086,0.20346138,0.22458428,0.13217139,0.21322624,-0.65788823,0.020533673,-0.29475483,0.3152162,-0.8718647,0.31450957,0.10965344,0.61077595,0.6420821,0.32823265,0.0441112,-0.18165772,-0.52381104,-0.090404786,0.050991163,-0.92009753,-0.76481926,-0.28859007,0.33346412,0.1509606,-0.068846814,-0.3220927,-0.025610927,0.12419515,-0.30999658,0.4527939
50771,2025-01,3,6,2023-11,2024-12,2025-03,313.5,313.5,0.0,1.0,1.0,0.0,1,train,0.5765929,-0.4091428,0.10957927,0.15800938,0.3711312,-0.13234682,-0.35060674,-0.2991717,-0.27963272,0.37147677,-0.67885065,0.47213566,-0.1586267,0.28357637,0.90328765,0.51938546,-0.16585732,0.07042219,-0.5285867,-0.059146754,-0.54403174,-0.9018539,-0.53312355,-0.29215,0.6979867,0.48369575,-0.18223126,-0.47938535,0.012495507,0.13754952,-0.3662188,0.34261715
50794,2025-01,11,17,2023-12,2024-12,2025-01,42706.36,42706.36,0.0,1.0,0.9411764705882353,0.058823529411764705,0,train,0.06658732,-0.4578019,-0.050405286,0.20513302,-0.30915886,-0.4451314,-0.16765784,-0.12241005,0.33240104,0.21344702,-0.9186447,-0.079281226,0.034214698,0.3458474,0.9559946,0.34161896,-0.6042572,-0.29763982,-0.13452254,-0.024541728,-0.10403211,-1.0539018,-0.95329773,-0.5584655,0.5280346,0.333552,0.21351045,-0.99597657,-0.49324012,0.13893461,-0.34096324,0.86418545
50816,2025-01,4,1,2024-01,2024-12,2025-12,737.0,737.0,0.0,1.0,1.0,0.0,1,train,0.56215066,-0.44411263,0.08802021,0.13360626,0.36351135,-0.13598485,-0.30243397,-0.32863602,-0.23744312,0.38447958,-0.6197731,0.45898843,-0.15935028,0.225159,0.8816563,0.51626974,-0.16988549,0.07960744,-0.45561546,-0.081900045,-0.5633562,-0.82264155,-0.48149848,-0.27223572,0.6978537,0.4923248,-0.19209206,-0.4679787,0.017054155,0.13240129,-0.35502177,0.3189279
50832,2025-01,3,6,2024-01,2024-10,2025-05,2262.0,2262.0,0.0,1.0,0.8034262485481998,0.19657375145180023,0,train,0.5500934,-0.24041915,0.1528093,0.20645884,0.25143367,0.03735829,-0.58181196,-0.19447428,-0.2879633,0.43399832,-0.78860223,0.40618855,-0.06051255,0.5447543,0.93233573,0.54707557,-0.14972907,-0.072553635,-0.5737848,0.015544087,-0.3719598,-1.0876305,-0.6996788,-0.34494606,0.6513704,0.34905607,-0.10631462,-0.5883945,-0.07722901,0.13412434,-0.39352718,0.5038573
50871,2025-01,7,9,2024-03,2024-12,2025-01,3218.03,3218.03,0.0,1.0,0.9432870370370369,0.05671296296296296,0,test,0.45979828,-0.20587322,0.11146535,0.18364541,0.2258943,-0.016294006,-0.40593633,-0.2079826,-0.2056829,0.36932862,-0.77652705,0.3833405,-0.021090373,0.3598162,0.7864015,0.4134575,-0.058748882,-0.07665179,-0.39078116,-0.15294531,-0.2368455,-0.8563035,-0.60730326,-0.25968352,0.5208133,0.38406888,-0.11179067,-0.41932493,-0.0003941916,0.1429953,-0.33723632,0.42433125
50872,2025-01,3,1,2024-03,2024-10,2025-12,774.0,774.0,0.0,1.0,1.0,0.0,1,train,0.5691906,-0.49849507,0.07828563,0.11726981,0.36111557,-0.17461278,-0.29888758,-0.36571464,-0.21527237,0.42873693,-0.6526444,0.4637921,-0.17819703,0.24377213,0.9223703,0.55376,-0.19181582,0.086031914,-0.43921742,-0.06496304,-0.6013303,-0.86244434,-0.50266755,-0.3021486,0.7606756,0.51531565,-0.21659724,-0.53697526,-0.010288522,0.16159746,-0.37955645,0.33508644
50891,2025-01,4,6,2024-04,2024-11,2025-05,760.4899999999999,760.4899999999999,0.0,1.0,1.0,0.0,1,train,0.5633483,-0.34977296,0.12070349,0.17228457,0.3496602,-0.0731263,-0.40411088,-0.27855554,-0.28191546,0.3867266,-0.68320334,0.46347192,-0.11880342,0.31541747,0.89038336,0.51386994,-0.13672352,0.027247671,-0.51200736,-0.07137069,-0.48840424,-0.9051391,-0.547157,-0.28604132,0.6636228,0.4561187,-0.17405078,-0.4725893,0.019093137,0.12397041,-0.34575322,0.3612752
50921,2025-01,3,2,2024-04,2024-08,2026-03,321.5,321.5,0.0,1.0,0.9230769230769231,0.07692307692307693,0,train,0.58228564,-0.46615258,0.0878934,0.13461523,0.39104244,-0.15851352,-0.30468225,-0.33427468,-0.259724,0.38574776,-0.6316103,0.4793171,-0.18438211,0.23848398,0.90440464,0.5320298,-0.17800725,0.09929708,-0.495539,-0.060137548,-0.6027542,-0.8507698,-0.49021053,-0.28665617,0.7275755,0.50177693,-0.2039866,-0.48381707,0.011945985,0.14625943,-0.36707112,0.3113048
50932,2025-01,5,7,2024-05,2024-12,2025-01,4695.780000000001,4695.780000000001,0.0,1.0,0.8571428571428571,0.14285714285714285,0,train,0.4679073,-0.23630881,0.08550048,0.20282209,0.14287412,-0.0596106,-0.5082056,-0.19772467,-0.16058931,0.43993625,-0.90874976,0.34876326,-0.03523948,0.54426783,0.9314914,0.50015366,-0.17252934,-0.14633845,-0.46477485,-0.05190765,-0.22987244,-1.0829699,-0.7772345,-0.3845461,0.6012568,0.3548093,-0.061043575,-0.6331327,-0.13961199,0.18583935,-0.4005828,0.57429665
50933,2025-01,3,5,2024-07,2024-10,2025-01,1144.0,1144.0,0.0,1.0,1.0,0.0,1,train,0.541175,-0.32498196,0.14287174,0.18700852,0.29515323,-0.10321522,-0.4032725,-0.2424252,-0.26457268,0.35336784,-0.75813645,0.42544264,-0.11321158,0.3473716,0.88809395,0.4882868,-0.16112241,-0.0060139075,-0.5237023,-0.057179175,-0.43071976,-0.970085,-0.6135621,-0.3049149,0.63826877,0.45352507,-0.14512363,-0.49829644,-0.018904172,0.12970406,-0.35820615,0.41538048
50941,2025-01,3,2,2024-09,2024-11,2025-01,1629.0,1629.0,0.0,1.0,1.0,0.0,1,train,0.55646217,-0.51147866,0.09162438,0.12624337,0.3357162,-0.18545566,-0.26769558,-0.35894778,-0.19804177,0.39869246,-0.6496805,0.4369184,-0.17795497,0.20002621,0.9259454,0.5440057,-0.23099387,0.06061731,-0.42044842,-0.05286423,-0.6184861,-0.8545195,-0.51093924,-0.28732887,0.733111,0.53480506,-0.20159626,-0.5454476,-0.028230526,0.13427484,-0.36682987,0.34966806
50984,2025-01,4,10,2024-08,2024-12,2025-01,1748.0,1748.0,0.0,1.0,0.8834090909090909,0.1165909090909091,0,train,0.5436433,-0.47845936,0.08327285,0.114905454,0.31402326,-0.13279982,-0.28960907,-0.3508337,-0.18324453,0.42153314,-0.61674803,0.42759457,-0.15234458,0.23041104,0.90760195,0.53957766,-0.20050922,0.061108734,-0.3986101,-0.065432444,-0.57572675,-0.83669233,-0.5021417,-0.28676254,0.724039,0.49446398,-0.1876761,-0.5399947,-0.024433289,0.14056987,-0.3752922,0.35765347
51048,2025-01,3,2,2024-08,2024-12,2025-05,260.0,260.0,0.0,1.0,1.0,0.0,1,test,0.57925266,-0.4635807,0.09228338,0.13408774,0.3840529,-0.15072322,-0.30330122,-0.33613667,-0.25659817,0.38958153,-0.63193953,0.47502074,-0.18050796,0.23291956,0.9019561,0.53102493,-0.17570847,0.09138109,-0.48660836,-0.062566824,-0.6006026,-0.8500897,-0.49164164,-0.28361437,0.7246183,0.5037364,-0.20761737,-0.48691005,0.010384791,0.14421988,-0.36326963,0.31699237
51060,2025-01,3,2,2024-09,2024-11,2025-02,369.0,369.0,0.0,1.0,1.0,0.0,1,test,0.5753048,-0.36752814,0.11902924,0.16762008,0.35281733,-0.1070119,-0.41999835,-0.2890752,-0.28713623,0.40566787,-0.7399175,0.4727648,-0.13135943,0.35509604,0.9159144,0.53027594,-0.14054349,0.033301223,-0.54118794,-0.05873473,-0.48555595,-0.9621474,-0.5799328,-0.3169618,0.7006187,0.46641856,-0.18623163,-0.5070852,0.0034329277,0.15220284,-0.37186632,0.37979853
51077,2025-01,3,1,2024-09,2024-11,2025-07,2612.01,2612.01,0.0,1.0,1.0,0.0,1,test,0.5129859,-0.52289253,0.08954716,0.09955497,0.25284904,-0.13852927,-0.27548286,-0.36593357,-0.13296232,0.45419464,-0.6384752,0.39610338,-0.15438628,0.26017332,0.9597746,0.57295483,-0.25205827,0.03390565,-0.3543587,-0.0192369,-0.60716176,-0.8945556,-0.5548591,-0.31957456,0.7686184,0.502011,-0.17522304,-0.65579903,-0.0957896,0.16095525,-0.40816528,0.42080113
51095,2025-01,3,5,2024-10,2024-12,2025-01,1722.05,1722.05,0.0,1.0,1.0,0.0,1,test,0.5614609,-0.44638768,0.10853318,0.14077584,0.3179599,-0.11305153,-0.3757951,-0.3274584,-0.2252815,0.43759054,-0.6835588,0.44126797,-0.14527112,0.31831506,0.94850945,0.56496966,-0.20182215,0.025399711,-0.46779993,-0.027269222,-0.5692757,-0.9352998,-0.5689152,-0.31637287,0.7362382,0.4792542,-0.18781297,-0.5849403,-0.044581436,0.14460051,-0.38347876,0.3974692
